breed,age_in_years,age_in_months,gender,neutered_or_spayed,body_length,weight,fur_colour_dominant,fur_pattern,eye_colour,allowed_outdoor,preferred_food,owner_play_time_minutes,sleep_time_hours,country
Angora,0.25,3.0,female,False,19.0,2.0,white,solid,blue,FALSE,wet,46.0,16.0,France
Angora,0.33,4.0,male,False,19.0,2.5,white,solid,blue,FALSE,wet,48.0,16.0,France
Angora,0.5,6.0,male,False,20.0,2.8,seal,solid,green,FALSE,wet,41.0,11.0,France
Angora,0.5,6.0,male,False,21.0,3.0,white,dirty,blue,FALSE,wet,24.0,8.0,France
Angora,0.5,6.0,male,True,21.0,3.0,cream,tabby,green,FALSE,wet,51.0,10.0,France
Ragdoll,0.5,6.0,female,False,21.0,3.0,white,solid,amber,FALSE,wet,30.0,28.0,France
Angora,0.58,6.959999999999999,male,True,22.0,3.0,white,solid,amber,FALSE,wet,47.0,9.0,France
Angora,0.5833333333333334,7.0,male,True,23.0,3.0,cream,solid,blue,FALSE,wet,55.0,11.0,France
Angora,0.5833333333333334,7.0,female,True,25.0,3.0,black,solid,blue,FALSE,wet,20.0,12.0,France
Angora,0.6666666666666666,8.0,female,True,25.0,320.0,white,solid,blue,FALSE,wet,33.0,17.0,France
Ragdoll,0.67,8.0,female,False,26.0,3.0,black,solid,green,FALSE,wet,39.0,18.0,France
Angora,0.67,8.0,male,True,26.0,3.3,white,solid,amber,FALSE,wet,23.0,16.0,France
Angora,0.75,9.0,male,True,27.0,3.3,white,solid,amber,FALSE,wet,23.0,16.0,France
Angora,0.17,2.04,male,True,28.0,3.2,white,solid,blue,FALSE,wet,35.0,14.0,France
Angora,0.17,2.04,male,True,30.0,3.5,cream,tabby,blue,FALSE,dry,38.0,20.0,France
Ragdoll,0.83,10.0,male,False,31.0,3.4,white,solid,green,FALSE,dry,56.0,17.0,France
Ragdoll,0.17,2.04,male,True,43.903435468895076,5.740900649953575,seal,solid,green,FALSE,wet,48.0,14.0,USA
Ragdoll,0.92,11.0,female,True,31.0,3.9,white,solid,blue,FALSE,wet,55.0,32.0,USA
Angora,0.17,2.04,male,True,31.0,3.5,white,solid,blue,TRUE,wet,42.0,14.0,USA
Angora,1.0,12.0,male,True,35.0,3.9,white,solid,amber,FALSE,wet,41.0,17.0,USA
Angora,4.33,51.96,male,True,25.0,4.0,white,solid,blue,FALSE,dry,36.0,14.0,France
Angora,1.17,14.04,female,True,34.0,3.8,white,solid,blue,TRUE,wet,23.0,17.0,France
Angora,3.0,36.0,male,True,38.0,5.0,white,solid,amber,FALSE,wet,16.0,14.0,France
Angora,1.17,14.04,female,True,25.0,3.0,white,solid,amber,FALSE,wet,19.0,17.0,France
Angora,4.0,48.0,male,True,39.0,4.6,white,dirty,blue,FALSE,wet,33.0,14.0,France
Angora,5.83,69.96000000000001,male,True,37.0,4.6,black,solid,green,TRUE,dry,9.0,16.0,France
Angora,1.25,15.0,female,True,26.0,3.4,white,solid,blue,FALSE,wet,25.0,15.0,France
Angora,5.33,64.0,male,True,44.0,4.6,white,solid,blue,TRUE,wet,20.0,16.0,France
Angora,1.25,15.0,male,True,40.0,3.8,cream,tabby,blue,FALSE,wet,35.0,17.0,France
Angora,4.916666666666667,59.0,male,False,41.0,5.0,black,solid,green,FALSE,dry,31.0,14.0,France
Angora,1.5,18.0,male,False,40.0,3.6,white,solid,blue,FALSE,wet,27.0,14.0,France
Angora,1.58,19.0,female,True,33.0,3.5,white,solid,blue,FALSE,dry,18.0,18.0,France
Angora,1.58,19.0,female,True,33.0,3.2,white,solid,blue,TRUE,wet,12.0,19.0,France
Angora,4.5,54.0,male,True,37.0,5.6,white,solid,blue,FALSE,wet,9.0,14.0,France
Angora,4.75,57.0,male,False,41.0,4.2,black,solid,blue,TRUE,dry,19.0,14.0,France
Ragdoll,1.67,20.0,female,True,35.0,5.0,white,solid,blue,FALSE,wet,10.0,15.0,France
Ragdoll,1.67,20.0,male,True,28.0,3.1,white,solid,blue,FALSE,wet,39.0,18.0,France
Ragdoll,1.67,20.0,male,False,36.0,3.9,black,solid,blue,FALSE,wet,35.0,19.0,France
Ragdoll,1.75,21.0,female,True,28.0,4.9,white,solid,amber,FALSE,wet,10.0,17.0,France
Angora,1.75,21.0,male,True,34.0,4.7,black,solid,blue,FALSE,dry,23.0,19.0,France
Angora,1.75,21.0,male,False,34.0,4.0,white,solid,blue,TRUE,wet,25.0,20.0,France
Angora,1.83,22.0,male,True,22.0,2.9,black,solid,green,FALSE,wet,40.0,20.0,France
Angora,1.83,22.0,male,False,41.0,4.7,white,solid,blue,FALSE,dry,45.0,20.0,France
Angora,1.83,22.0,male,True,24.0,4.3,black,bicolor,amber,TRUE,wet,30.0,16.0,France
Angora,1.92,23.0,male,False,35.0,2.7,white,solid,amber,FALSE,dry,21.0,18.0,France
Angora,1.92,23.04,male,True,33.0,3.4,white,solid,amber,FALSE,wet,14.0,16.0,France
Angora,2.0,24.0,female,False,32.0,2.4,black,solid,green,FALSE,wet,11.0,14.0,France
Angora,2.0,24.0,female,True,35.0,3.8,white,solid,blue,FALSE,wet,15.0,14.0,France
Angora,2.0,24.0,male,True,38.0,3.7,white,solid,blue,TRUE,dry,23.0,16.0,France
Angora,2.08,24.96,female,False,33.0,2.9,white,solid,amber,FALSE,wet,36.0,14.0,France
Angora,2.08,24.96,male,False,41.0,4.1,black,solid,blue,FALSE,wet,11.0,16.0,France
Angora,2.17,26.04,female,True,35.0,2.6,white,solid,blue,FALSE,wet,28.0,17.0,France
Angora,2.25,27.0,male,False,38.0,4.6,cream,tabby,blue,FALSE,wet,11.0,14.0,France
Angora,2.25,27.0,female,False,34.0,3.7,black,solid,green,FALSE,wet,10.0,14.0,France
Angora,2.25,27.0,male,True,25.0,3.1,white,solid,amber,FALSE,wet,39.0,16.0,France
Angora,2.25,27.0,male,True,38.0,5.3,white,solid,amber,FALSE,wet,39.0,14.0,France
Angora,2.33,28.0,female,False,36.0,4.0,cream,solid,blue,FALSE,dry,19.0,14.0,France
Angora,2.33,28.0,female,False,36.0,2.4,white,dirty,blue,FALSE,wet,19.0,16.0,France
Angora,2.33,28.0,male,True,39.0,3.9,white,solid,blue,FALSE,wet,34.0,14.0,France
Ragdoll,2.33,28.0,female,True,36.0,3.3,white,solid,amber,FALSE,dry,32.0,17.0,France
Ragdoll,2.33,28.0,female,True,39.0,2.7,black,solid,green,TRUE,dry,33.0,14.0,France
Ragdoll,2.42,29.0,male,False,39.0,4.3,white,solid,blue,FALSE,wet,37.0,14.0,France
Ragdoll,2.5,30.0,female,True,35.0,3.6,white,solid,green,FALSE,wet,18.0,14.0,France
Ragdoll,2.5,30.0,male,False,37.0,4.7,white,solid,amber,FALSE,wet,44.0,16.0,France
Ragdoll,2.58,31.0,male,True,40.0,4.5,cream,solid,blue,FALSE,wet,38.0,14.0,France
Ragdoll,2.58,31.0,male,True,43.903435468895076,5.740900649953575,seal,solid,blue,FALSE,wet,30.0,16.0,France
Angora,2.67,32.0,female,True,38.0,3.9,cream,solid,blue,FALSE,wet,37.0,14.0,France
Angora,2.67,32.0,male,False,40.0,4.0,black,solid,blue,FALSE,dry,30.0,14.0,France
Angora,2.67,32.0,female,True,34.0,3.9,black,solid,green,TRUE,dry,21.0,14.0,France
Angora,2.92,35.0,female,True,34.0,4.1,white,solid,green,TRUE,wet,28.0,14.0,France
Angora,2.92,35.0,female,True,32.0,2.5,white,solid,amber,FALSE,wet,33.0,14.0,France
Angora,2.92,35.0,male,True,41.0,3.8,white,solid,amber,FALSE,wet,21.0,14.0,USA
Angora,2.92,35.0,male,False,39.0,4.1,white,solid,blue,FALSE,wet,28.0,14.0,USA
Angora,3.0,36.0,male,True,39.0,4.4,white,solid,green,FALSE,dry,16.0,15.0,USA
Angora,3.0,36.0,male,False,39.0,4.8,white,solid,blue,FALSE,wet,44.0,14.0,USA
Angora,3.08,37.0,male,True,39.0,5.1,cream,tabby,blue,FALSE,dry,25.0,16.0,USA
Angora,3.08,37.0,male,True,38.0,3.7,black,solid,green,TRUE,wet,25.0,14.0,USA
Angora,3.08,37.0,male,True,40.0,5.3,white,solid,blue,FALSE,dry,11.0,14.0,France
Angora,3.17,38.0,female,False,36.0,4.0,white,solid,amber,FALSE,wet,11.0,14.0,USA
Angora,3.25,39.0,male,False,40.0,4.5,black,bicolor,blue,FALSE,wet,12.0,16.0,USA
Angora,3.42,41.0,male,True,41.0,4.4,white,solid,amber,FALSE,dry,24.0,17.0,USA
Angora,3.5,42.0,male,True,39.0,4.8,black,solid,blue,FALSE,wet,15.0,16.0,USA
Angora,3.5,42.0,male,True,40.0,3.9,white,solid,green,TRUE,dry,13.0,16.0,USA
Angora,3.5,42.0,female,False,33.0,4.3,white,solid,amber,FALSE,dry,37.0,14.0,USA
Angora,3.58,42.96,female,True,35.0,3.4,white,solid,blue,FALSE,dry,23.0,16.0,France
Angora,3.58,43.0,female,True,34.0,3.3,white,solid,blue,FALSE,wet,20.0,14.0,USA
Angora,3.67,44.0,male,False,39.0,4.5,white,solid,amber,FALSE,wet,23.0,14.0,USA
Angora,3.67,44.0,male,False,37.0,4.6,white,solid,amber,FALSE,wet,32.0,14.0,France
Ragdoll,3.67,44.0,male,True,37.0,4.2,white,solid,blue,FALSE,wet,33.0,14.0,USA
Angora,3.75,45.0,male,True,43.0,3.9,white,solid,blue,FALSE,wet,38.0,14.0,USA
Angora,3.83,46.0,male,False,37.0,4.1,white,solid,green,FALSE,wet,38.0,16.0,USA
Angora,3.83,46.0,male,True,40.0,4.8,black,bicolor,amber,TRUE,wet,11.0,15.0,USA
Angora,3.8333333333333335,46.0,male,False,39.0,4.0,cream,tabby,blue,FALSE,dry,18.0,14.0,France
Ragdoll,3.92,47.0,female,True,34.0,4.7,white,solid,amber,FALSE,dry,25.0,14.0,USA
Angora,3.9166666666666665,47.0,female,True,37.0,3.3,black,solid,amber,FALSE,dry,25.0,15.0,USA
Angora,3.9166666666666665,47.0,female,True,35.0,2.8,white,solid,blue,FALSE,wet,28.0,14.0,USA
Angora,3.92,47.0,male,True,39.0,4.4,white,solid,blue,FALSE,wet,23.0,15.0,USA
Angora,4.0,48.0,male,True,36.0,4.8,white,solid,green,FALSE,wet,28.0,17.0,USA
Ragdoll,4.08,49.0,male,False,37.0,4.8,white,solid,green,FALSE,wet,38.0,14.0,USA
Angora,4.08,49.0,female,True,35.0,4.7,white,solid,blue,FALSE,wet,11.0,14.0,USA
Angora,4.08,49.0,male,True,37.0,5.6,white,solid,blue,FALSE,wet,12.0,14.0,USA
Angora,4.17,50.0,female,True,37.0,3.8,white,solid,amber,FALSE,dry,23.0,14.0,USA
Angora,4.17,50.0,male,True,41.0,4.5,white,solid,amber,FALSE,wet,24.0,16.0,USA
Angora,4.17,50.0,female,True,35.0,2.8,white,solid,amber,TRUE,dry,28.0,14.0,USA
Angora,0.17,2.04,male,True,37.0,4.6,white,solid,amber,FALSE,dry,36.0,14.0,France
Angora,0.17,2.04,female,True,34.0,4.3,white,solid,blue,FALSE,wet,37.0,16.0,USA
Angora,0.17,2.04,female,True,35.0,3.8,black,solid,amber,FALSE,wet,30.0,14.0,USA
Angora,0.17,2.04,female,True,32.0,2.4,white,solid,blue,FALSE,wet,40.0,14.0,USA
Angora,0.17,2.04,male,False,39.0,4.4,white,solid,blue,FALSE,wet,34.0,16.0,USA
Angora,0.17,2.04,male,True,41.0,5.1,white,solid,amber,FALSE,dry,19.0,14.0,USA
Angora,0.17,2.04,male,False,39.0,4.3,white,solid,blue,FALSE,wet,39.0,16.0,USA
Angora,0.17,2.04,female,False,35.0,3.4,white,dirty,blue,FALSE,wet,36.0,14.0,USA
Angora,4.58,55.0,female,True,37.0,2.5,white,solid,amber,TRUE,wet,39.0,17.0,USA
Angora,4.58,55.0,male,False,35.0,4.3,white,solid,amber,FALSE,dry,36.0,17.0,USA
Angora,4.58,55.0,female,True,37.0,3.4,white,solid,blue,FALSE,dry,24.0,14.0,USA
Angora,4.58,54.96,male,True,38.0,5.1,cream,solid,blue,FALSE,wet,17.0,14.0,USA
Angora,4.75,57.0,female,False,38.0,3.9,white,solid,amber,FALSE,wet,14.0,16.0,USA
Angora,4.75,57.0,female,True,38.0,3.1,white,solid,amber,FALSE,dry,23.0,14.0,USA
Angora,4.75,57.0,male,False,37.0,4.0,white,solid,blue,FALSE,dry,32.0,16.0,USA
Angora,4.83,57.96,male,True,40.0,4.5,white,solid,amber,FALSE,wet,18.0,14.0,USA
Angora,4.83,57.96,female,True,37.0,3.0,white,solid,amber,FALSE,wet,20.0,14.0,France
Angora,4.83,57.96,male,False,36.0,3.7,white,solid,blue,FALSE,wet,32.0,17.0,USA
Angora,4.92,59.04,male,True,36.0,4.4,white,solid,green,FALSE,dry,29.0,16.0,USA
Angora,4.92,59.0,male,False,41.0,4.9,white,solid,amber,FALSE,wet,14.0,14.0,USA
Angora,4.92,59.0,male,True,40.0,4.0,cream,tabby,amber,TRUE,wet,31.0,14.0,USA
Angora,4.92,59.0,female,True,38.0,4.6,white,solid,blue,FALSE,wet,28.0,17.0,USA
Angora,5.0,60.0,female,True,39.0,4.7,white,solid,blue,FALSE,dry,32.0,14.0,USA
Angora,5.0,60.0,male,True,37.0,5.2,white,solid,amber,FALSE,dry,29.0,14.0,USA
Angora,5.08,61.0,male,True,40.0,4.7,white,solid,amber,FALSE,wet,31.0,14.0,USA
Angora,5.08,61.0,female,False,39.0,3.4,white,solid,blue,FALSE,wet,27.0,16.0,USA
Angora,5.08,61.0,female,True,37.0,3.1,white,solid,blue,FALSE,dry,29.0,14.0,USA
Angora,5.17,62.0,female,False,39.0,3.9,white,solid,blue,FALSE,dry,35.0,17.0,Germany
Angora,5.17,62.0,female,True,34.0,3.4,white,solid,green,FALSE,dry,9.0,14.0,Germany
Angora,5.17,62.0,female,True,38.0,3.9,white,solid,green,TRUE,wet,9.0,14.0,Germany
Angora,5.17,62.0,female,False,38.0,2.7,white,solid,amber,FALSE,wet,27.0,14.0,Germany
Angora,5.17,62.0,male,True,36.0,4.3,white,solid,amber,FALSE,wet,19.0,14.0,Germany
Angora,5.17,62.0,male,True,40.0,4.9,white,solid,blue,FALSE,wet,39.0,14.0,Germany
Ragdoll,5.17,62.0,male,False,36.0,3.5,white,solid,blue,FALSE,wet,37.0,14.0,Germany
Ragdoll,5.17,62.0,female,False,39.0,4.1,white,solid,blue,FALSE,wet,17.0,16.0,Germany
Ragdoll,5.25,63.0,female,True,31.0,2.4,white,solid,blue,FALSE,wet,29.0,16.0,Germany
Ragdoll,5.25,63.0,female,False,37.0,3.1,white,solid,blue,FALSE,dry,23.0,14.0,Germany
Ragdoll,5.33,64.0,female,True,35.0,3.4,white,solid,blue,FALSE,dry,26.0,14.0,Germany
Ragdoll,5.33,64.0,male,False,36.0,4.5,white,solid,blue,FALSE,wet,9.0,14.0,Germany
Ragdoll,5.33,64.0,female,True,37.0,2.9,white,solid,blue,TRUE,dry,16.0,14.0,Germany
Ragdoll,5.42,65.0,male,True,38.0,4.3,black,solid,amber,FALSE,wet,23.0,17.0,Germany
Angora,5.42,65.0,female,False,39.0,4.1,white,solid,blue,FALSE,wet,27.0,17.0,Germany
Angora,5.5,66.0,male,True,40.0,5.2,white,solid,green,FALSE,dry,17.0,14.0,Germany
Angora,5.58,67.0,male,False,40.0,4.4,black,solid,blue,FALSE,wet,27.0,14.0,Germany
Angora,5.67,68.0,male,True,39.0,5.5,white,solid,blue,FALSE,wet,12.0,14.0,Germany
Angora,5.67,68.0,male,False,41.0,4.3,white,solid,blue,FALSE,dry,24.0,14.0,Germany
Angora,5.67,68.0,male,True,36.0,5.1,white,solid,green,FALSE,dry,37.0,14.0,Germany
Angora,5.67,68.0,male,True,37.0,5.3,cream,tabby,blue,FALSE,wet,37.0,15.0,Germany
Angora,5.75,69.0,male,False,39.0,4.4,white,solid,amber,FALSE,dry,39.0,15.0,Germany
Angora,5.75,69.0,female,True,38.0,4.4,black,bicolor,amber,FALSE,dry,18.0,14.0,USA
Angora,5.75,69.0,female,True,38.0,3.2,white,solid,amber,TRUE,wet,25.0,15.0,USA
Angora,5.75,69.0,female,True,31.0,3.1,white,solid,blue,FALSE,wet,9.0,15.0,USA
Angora,5.92,71.0,female,True,39.0,4.8,white,solid,green,FALSE,wet,12.0,16.0,USA
Angora,5.92,71.0,male,False,38.0,4.3,white,dirty,green,FALSE,dry,26.0,13.0,USA
Angora,5.92,71.0,male,True,41.0,3.9,white,solid,amber,FALSE,wet,29.0,13.0,USA
Angora,5.92,71.0,female,True,36.0,4.7,white,solid,amber,FALSE,dry,29.0,16.0,USA
Angora,6.0,72.0,male,False,36.0,4.8,white,solid,blue,FALSE,wet,33.0,17.0,USA
Angora,6.0,72.0,female,False,36.0,3.6,white,solid,green,FALSE,dry,26.0,13.0,France
Angora,6.08,73.0,male,True,38.0,4.4,white,solid,blue,FALSE,wet,16.0,14.0,USA
Angora,6.08,73.0,female,True,38.0,3.4,white,solid,blue,FALSE,wet,38.0,16.0,USA
Angora,6.08,73.0,male,False,41.0,3.7,white,solid,blue,FALSE,dry,39.0,16.0,USA
Angora,6.25,75.0,male,False,39.0,4.2,white,solid,blue,FALSE,wet,24.0,13.0,USA
Angora,6.25,75.0,male,False,38.0,3.6,white,solid,amber,FALSE,wet,23.0,16.0,France
Angora,6.25,75.0,male,False,41.0,4.4,white,solid,amber,FALSE,wet,24.0,13.0,USA
Angora,6.33,76.0,male,False,37.0,3.1,white,solid,green,FALSE,dry,30.0,13.0,USA
Angora,6.42,77.0,male,True,36.0,4.7,white,solid,amber,FALSE,wet,12.0,16.0,USA
Angora,6.5,78.0,male,True,37.0,4.5,cream,solid,blue,FALSE,wet,30.0,17.0,USA
Angora,6.5,78.0,male,True,36.0,4.0,white,solid,blue,TRUE,dry,18.0,16.0,USA
Angora,6.5,78.0,male,False,39.0,4.2,black,bicolor,amber,FALSE,wet,15.0,17.0,USA
Angora,6.5,78.0,female,False,34.0,3.8,white,solid,blue,FALSE,wet,21.0,14.0,USA
Angora,6.5,78.0,female,True,38.0,5.2,white,solid,blue,FALSE,wet,9.0,13.0,USA
Angora,6.58,79.0,male,False,40.0,4.2,cream,tabby,blue,FALSE,wet,12.0,14.0,USA
Angora,6.58,79.0,male,True,41.0,3.8,cream,tabby,green,FALSE,dry,23.0,16.0,USA
Angora,6.58,79.0,male,False,41.0,3.9,white,solid,amber,FALSE,dry,16.0,17.0,Canada
Angora,6.67,80.0,male,True,40.0,4.8,white,solid,blue,FALSE,dry,13.0,14.0,Canada
Angora,6.67,80.0,female,False,34.0,2.2,white,solid,amber,FALSE,dry,34.0,17.0,Canada
Angora,6.75,81.0,female,False,37.0,2.4,white,solid,blue,FALSE,dry,16.0,14.0,Canada
Angora,6.75,81.0,male,True,39.0,4.4,white,solid,amber,FALSE,dry,24.0,14.0,Canada
Angora,6.75,81.0,male,True,40.0,4.5,white,solid,blue,TRUE,wet,17.0,14.0,USA
Angora,6.83,82.0,female,False,37.0,2.8,white,solid,amber,FALSE,dry,36.0,14.0,Canada
Angora,6.92,83.0,male,True,41.0,4.7,white,solid,blue,FALSE,wet,26.0,14.0,Canada
Angora,6.92,83.0,male,True,38.0,4.5,white,solid,amber,FALSE,wet,32.0,16.0,Canada
Ragdoll,6.92,83.0,female,True,39.0,4.3,white,solid,amber,FALSE,wet,22.0,14.0,Canada
Ragdoll,7.0,84.0,male,True,43.903435468895076,5.740900649953575,seal,dirty,blue,TRUE,dry,20.0,14.0,Canada
Ragdoll,7.0,84.0,male,True,39.0,4.4,white,solid,amber,FALSE,dry,16.0,14.0,Canada
Ragdoll,7.08,85.0,female,False,35.0,2.5,white,solid,blue,FALSE,wet,27.0,14.0,Canada
Ragdoll,7.17,86.0,male,True,40.0,5.4,white,solid,amber,FALSE,wet,9.0,20.0,Canada
Ragdoll,7.25,87.0,male,False,39.0,4.0,white,solid,green,FALSE,wet,37.0,20.0,Canada
Angora,7.25,87.0,male,True,36.0,4.9,white,solid,amber,FALSE,dry,29.0,19.0,Canada
Angora,7.25,87.0,male,False,38.0,4.4,white,solid,amber,FALSE,wet,27.0,16.0,Canada
Angora,7.25,87.0,female,False,33.0,4.0,black,bicolor,amber,FALSE,dry,16.0,14.0,Canada
Angora,7.25,87.0,male,False,40.0,4.2,white,solid,blue,FALSE,dry,17.0,19.0,Canada
Angora,7.25,87.0,male,True,40.0,5.4,cream,tabby,blue,FALSE,wet,12.0,20.0,USA
Angora,7.25,87.0,female,True,33.0,2.5,white,solid,blue,FALSE,dry,23.0,18.0,USA
Angora,7.33,88.0,male,False,41.0,3.9,black,bicolor,blue,FALSE,dry,27.0,14.0,USA
Angora,0.17,2.04,female,True,35.0,3.9,white,solid,blue,TRUE,dry,25.0,19.0,USA
Angora,0.17,2.04,female,True,34.0,3.3,white,solid,amber,FALSE,wet,32.0,14.0,USA
Angora,0.17,2.04,male,True,39.0,5.4,white,solid,amber,FALSE,wet,5.0,14.0,USA
Angora,0.17,2.04,male,True,40.0,5.5,cream,tabby,blue,FALSE,wet,14.0,14.0,USA
Angora,0.17,2.04,male,False,36.0,4.9,white,solid,blue,FALSE,wet,31.0,18.0,USA
Angora,7.67,92.0,male,True,40.0,5.3,black,solid,blue,FALSE,wet,39.0,18.0,USA
Angora,7.75,93.0,female,True,33.0,3.1,white,solid,blue,TRUE,wet,26.0,18.0,USA
Angora,7.75,93.0,male,True,42.0,4.7,white,solid,green,FALSE,wet,16.0,14.0,USA
Angora,7.75,93.0,female,False,37.0,2.8,white,solid,green,FALSE,dry,28.0,18.0,USA
Angora,7.75,93.0,male,True,37.0,4.2,white,solid,blue,FALSE,wet,15.0,18.0,USA
Angora,7.75,93.0,male,False,41.0,3.8,black,solid,blue,FALSE,wet,30.0,20.0,USA
Angora,7.83,94.0,male,False,37.0,3.5,white,solid,amber,FALSE,wet,25.0,14.0,USA
Angora,7.83,94.0,male,True,38.0,4.6,white,solid,amber,FALSE,wet,37.0,14.0,USA
Angora,7.83,93.96000000000001,male,True,38.0,4.0,white,solid,amber,FALSE,dry,27.0,16.0,USA
Angora,7.83,93.96000000000001,male,True,40.0,5.3,white,solid,amber,FALSE,wet,25.0,18.0,USA
Angora,7.83,93.96000000000001,female,True,33.0,4.0,white,bicolor,blue,TRUE,wet,10.0,16.0,USA
Angora,7.83,93.96000000000001,male,False,40.0,4.3,white,solid,blue,FALSE,wet,25.0,18.0,USA
Angora,7.83,94.0,male,True,39.0,5.0,cream,solid,blue,FALSE,wet,24.0,16.0,USA
Angora,7.92,95.0,male,True,39.0,3.8,white,solid,blue,FALSE,wet,32.0,19.0,USA
Angora,8.0,96.0,female,False,37.0,3.4,black,solid,blue,FALSE,wet,29.0,17.0,USA
Angora,8.0,96.0,male,False,36.0,4.5,white,solid,blue,FALSE,dry,28.0,16.0,USA
Angora,8.0,96.0,female,True,34.0,4.9,white,solid,amber,FALSE,wet,17.0,19.0,USA
Angora,7.17,86.0,male,False,36.0,3.5,cream,solid,blue,FALSE,dry,29.0,20.0,USA
Angora,8.08,97.0,female,False,33.0,3.1,white,solid,amber,FALSE,wet,18.0,19.0,USA
Angora,8.08,97.0,male,True,41.0,4.2,black,bicolor,amber,TRUE,wet,9.0,18.0,USA
Angora,8.08,97.0,male,True,37.0,3.8,cream,tabby,blue,FALSE,wet,27.0,16.0,USA
Angora,4.0,48.0,male,True,36.0,2.4,white,solid,blue,TRUE,wet,14.0,14.0,USA
Angora,8.25,99.0,male,True,34.0,3.6,white,dirty,amber,FALSE,wet,25.0,19.0,USA
Angora,4.17,50.0,male,False,35.0,2.8,white,solid,blue,FALSE,dry,20.0,14.0,USA
Angora,5.083333333333333,61.0,male,False,36.0,2.3,white,solid,blue,FALSE,dry,16.0,16.0,USA
Angora,4.583333333333333,55.0,male,True,35.0,2.8,white,solid,amber,FALSE,dry,25.0,17.0,USA
Angora,8.5,102.0,male,False,40.0,4.0,white,solid,blue,FALSE,dry,18.0,14.0,USA
Angora,7.083333333333333,85.0,male,True,36.0,4.8,black,bicolor,blue,TRUE,wet,9.0,16.0,USA
Angora,7.0,84.0,female,False,33.0,3.0,white,solid,blue,FALSE,dry,34.0,14.0,USA
Angora,8.583333333333334,103.0,male,False,39.0,4.4,white,solid,amber,FALSE,wet,18.0,16.0,USA
Angora,7.166666666666667,86.0,female,False,38.0,4.6,white,solid,blue,FALSE,wet,21.0,14.0,USA
Angora,8.583333333333334,103.0,male,True,52.0,5.0,cream,solid,blue,FALSE,wet,30.0,16.0,USA
Angora,8.67,104.0,female,True,35.0,4.1,white,solid,blue,FALSE,dry,15.0,16.0,USA
Angora,4.75,57.0,female,True,34.0,2.7,white,solid,blue,TRUE,wet,22.0,14.0,USA
Angora,6.83,82.0,female,True,36.0,3.6,white,solid,blue,FALSE,wet,32.0,17.0,USA
Angora,7.5,90.0,female,False,36.0,3.5,white,solid,green,FALSE,wet,16.0,14.0,USA
Ragdoll,7.58,91.0,male,False,36.0,3.6,white,solid,blue,FALSE,wet,39.0,18.0,USA
Angora,8.92,107.0,female,True,34.0,4.5,black,bicolor,amber,FALSE,dry,13.0,19.0,USA
Angora,6.75,81.0,female,False,33.0,2.9,white,solid,green,FALSE,wet,20.0,16.0,USA
Angora,9.0,108.0,female,True,38.0,3.7,white,solid,amber,TRUE,dry,6.0,17.0,USA
Angora,7.33,88.0,female,False,39.0,4.3,white,solid,amber,FALSE,wet,16.0,13.0,USA
Angora,5.17,62.0,female,False,36.0,2.5,white,solid,amber,FALSE,wet,27.0,13.0,USA
Ragdoll,9.08,109.0,male,True,58.0,5.2,black,bicolor,blue,FALSE,wet,30.0,20.0,USA
Angora,9.17,110.0,female,False,35.0,4.1,white,solid,green,FALSE,wet,20.0,16.0,USA
Angora,6.5,78.0,male,True,39.0,3.5,white,solid,amber,FALSE,wet,25.0,17.0,USA
Angora,9.25,111.0,male,True,38.0,5.0,white,solid,amber,FALSE,wet,27.0,16.0,USA
Angora,9.25,111.0,male,False,38.0,3.9,white,solid,amber,FALSE,wet,22.0,19.0,USA
Angora,9.33,112.0,female,False,36.0,3.9,white,dirty,green,FALSE,wet,25.0,14.0,USA
Angora,8.33,100.0,male,True,41.0,4.1,white,solid,blue,FALSE,dry,18.0,14.0,USA
Angora,4.25,51.0,female,False,33.0,2.7,white,solid,amber,FALSE,dry,38.0,17.0,USA
Angora,6.42,77.0,female,True,36.0,2.5,white,solid,blue,TRUE,wet,19.0,17.0,USA
Angora,9.5,114.0,female,True,38.0,4.1,white,solid,blue,FALSE,wet,18.0,19.0,USA
Angora,9.58,115.0,male,True,36.0,4.0,white,solid,blue,FALSE,wet,28.0,16.0,USA
Angora,3.0,36.0,female,True,39.0,3.1,white,solid,blue,FALSE,wet,23.0,16.0,USA
Angora,9.58,115.0,male,True,61.0,5.0,black,solid,blue,FALSE,wet,23.0,16.0,USA
Angora,9.67,116.0,female,True,36.0,4.1,white,solid,blue,FALSE,wet,23.0,16.0,USA
Angora,5.92,71.0,female,True,35.0,3.3,white,solid,blue,FALSE,wet,23.0,16.0,USA
Angora,9.67,116.0,male,False,39.0,5.2,white,solid,blue,FALSE,wet,23.0,16.0,USA
Angora,9.67,116.0,female,False,37.0,4.6,white,solid,blue,FALSE,wet,23.0,16.0,USA
Angora,6.33,76.0,female,True,38.0,4.8,white,solid,blue,FALSE,dry,23.0,16.0,USA
Angora,8.42,101.0,male,False,40.0,4.3,white,solid,amber,FALSE,wet,23.0,16.0,USA
Angora,9.75,117.0,male,False,38.0,4.4,white,solid,blue,FALSE,wet,23.0,16.0,USA
Angora,9.75,117.0,male,False,37.0,4.9,white,solid,blue,FALSE,wet,23.0,16.0,USA
Angora,4.0,48.0,female,True,37.0,2.6,black,bicolor,blue,FALSE,wet,23.0,16.0,USA
Angora,3.0,36.0,female,True,35.0,3.3,black,bicolor,blue,FALSE,dry,23.0,14.0,UK
Angora,9.833333333333334,118.0,female,False,35.0,4.9,white,solid,blue,FALSE,wet,11.0,17.0,UK
Angora,9.83,118.0,female,True,39.0,2.9,white,solid,amber,TRUE,dry,6.0,14.0,UK
Angora,9.83,118.0,male,False,48.0,5.2,cream,tabby,blue,FALSE,dry,22.0,16.0,UK
Angora,8.42,101.0,female,True,36.0,4.0,white,solid,blue,TRUE,wet,18.0,20.0,UK
Angora,4.92,59.0,female,True,35.0,2.9,white,solid,amber,FALSE,dry,38.0,13.0,UK
Angora,7.08,85.0,male,False,40.0,5.0,black,tortie,blue,FALSE,wet,39.0,17.0,UK
Angora,5.08,61.0,female,False,33.0,2.4,white,solid,blue,FALSE,wet,13.0,13.0,UK
Angora,10.0,120.0,male,False,36.0,3.8,white,solid,amber,FALSE,wet,23.0,14.0,UK
Angora,11.25,135.0,male,True,40.0,4.4,white,solid,blue,FALSE,wet,13.0,18.0,UK
Angora,10.0,120.0,female,True,37.0,3.7,white,solid,blue,TRUE,wet,19.0,17.0,USA
Angora,5.83,70.0,female,True,35.0,2.6,cream,solid,blue,FALSE,wet,23.0,13.0,USA
My coon,0.25,3.0,female,False,22.0,3.3,brown,tabby,blue,FALSE,wet,50.0,16.0,USA
Maine Coon,0.17,2.0,male,False,25.0,3.7,white,solid,blue,FALSE,wet,60.0,16.0,USA
Maine Coon,0.42,5.0,male,False,25.0,3.3,brown,solid,yellow,FALSE,wet,20.0,16.0,USA
Maine Coon,0.5,6.0,male,False,26.0,3.3,brown,tabby,yellow,FALSE,wet,54.0,10.0,UK
My coon,0.5,6.0,female,False,30.0,3.5,brown,tabby,yellow,FALSE,wet,39.0,16.0,USA
Maine Coon,0.5,6.0,female,False,31.0,3.0,white,solid,blue,FALSE,wet,24.0,16.0,USA
Maine Coon,0.5,6.0,female,False,34.0,3.0,black,tortie,yellow,FALSE,wet,41.0,16.0,USA
Maine Coon,0.58,7.0,male,False,35.0,3.7,white,solid,blue,FALSE,wet,54.0,16.0,USA
Maine Coon,0.67,8.0,female,True,36.0,3.2,brown,tabby,blue,FALSE,wet,47.0,16.0,USA
Maine Coon,0.67,8.0,male,False,38.0,3.6,white,solid,blue,FALSE,dry,40.0,16.0,USA
Maine Coon,0.67,8.0,male,True,40.0,3.1,brown,solid,yellow,FALSE,dry,54.0,16.0,USA
Maine Coon,5.0,60.0,female,False,38.0,3.9,white,solid,blue,FALSE,wet,36.0,16.0,USA
Ragdoll,1.08,13.0,female,True,42.0,3.1,black,solid,green,FALSE,wet,40.0,19.0,UK
Ragdoll,0.75,9.0,male,True,43.903435468895076,5.740900649953575,seal,solid,blue,FALSE,wet,28.0,20.0,UK
Ragdoll,0.75,9.0,male,True,43.903435468895076,5.740900649953575,seal,solid,blue,FALSE,wet,31.0,19.0,UK
Ragdoll,1.08,13.0,male,True,43.903435468895076,5.740900649953575,seal,solid,blue,FALSE,dry,28.0,16.0,UK
Ragdoll,0.75,9.0,male,True,43.903435468895076,5.740900649953575,seal,solid,blue,FALSE,wet,22.0,20.0,UK
Ragdoll,4.83,58.0,female,True,32.0,4.0,black,bicolor,yellow,FALSE,wet,21.0,13.0,UK
Maine Coon,3.67,44.0,female,True,53.0,4.0,brown,tabby,yellow,FALSE,wet,32.0,16.0,USA
Maine Coon,4.75,57.0,male,True,56.0,4.0,cream,tabby,blue,FALSE,wet,44.0,16.0,USA
Maine Coon,1.08,13.0,female,True,31.0,3.7,black,bicolor,green,FALSE,dry,28.0,18.0,UK
Maine Coon,0.92,11.0,female,False,39.0,3.0,white,solid,blue,FALSE,wet,33.0,19.0,USA
Maine Coon,1.42,17.0,female,True,37.0,3.2,white,solid,blue,FALSE,wet,27.0,18.0,USA
Maine Coon,1.0,12.0,male,True,28.0,3.6,white,solid,blue,FALSE,wet,12.0,19.0,UK
Maine Coon,3.17,38.0,male,True,32.0,3.9,white,solid,blue,TRUE,dry,28.0,17.0,UK
Maine Coon,1.0,12.0,male,False,46.0,3.5,black,bicolor,yellow,FALSE,wet,17.0,17.0,UK
Maine Coon,1.0,12.0,female,True,31.0,3.2,white,solid,blue,FALSE,wet,26.0,20.0,UK
Maine Coon,5.17,62.0,female,False,38.0,4.0,brown,tabby,green,FALSE,wet,38.0,13.0,UK
Maine Coon,6.58,79.0,male,False,48.0,3.9,black,solid,yellow,FALSE,wet,36.0,13.0,France
Maine Coon,1.08,13.0,male,False,55.0,3.8,black,solid,yellow,FALSE,wet,36.0,18.0,France
Maine Coon,4.0,48.0,male,False,54.0,4.0,white,solid,yellow,FALSE,wet,11.0,13.0,France
Maine Coon,4.5,54.0,male,True,60.0,5.2,black,solid,blue,FALSE,dry,16.0,13.0,France
Maine Coon,1.17,14.0,female,True,35.0,3.3,white,solid,blue,FALSE,dry,18.0,18.0,France
Maine Coon,1.17,14.0,male,False,35.0,4.3,black,solid,blue,FALSE,wet,11.0,19.0,France
Maine Coon,1.33,16.0,male,True,56.0,3.8,black,solid,blue,FALSE,wet,22.0,21.0,France
Maine Coon,1.33,16.0,female,True,50.0,3.3,black,solid,blue,FALSE,wet,17.0,21.0,France
My coon,5.58,67.0,male,True,56.0,4.2,black,solid,blue,FALSE,wet,17.0,16.0,France
Maine Coon,1.42,17.0,female,False,30.0,3.2,black,solid,blue,FALSE,dry,39.0,18.0,France
Maine Coon,1.4166666666666667,17.0,male,True,47.0,3.6,cream,solid,blue,FALSE,wet,22.0,19.0,France
Maine Coon,1.5,18.0,male,False,46.0,4.3,brown,solid,blue,FALSE,dry,13.0,18.0,France
Maine Coon,1.5,18.0,female,False,38.0,3.2,brown,solid,blue,FALSE,dry,17.0,15.0,France
Maine Coon,1.5833333333333333,19.0,female,True,60.0,3.7,black,solid,blue,FALSE,wet,37.0,19.0,UK
Maine Coon,6.5,78.0,male,False,53.0,4.0,brown,solid,blue,FALSE,wet,31.0,13.0,UK
Maine Coon,1.5833333333333333,19.0,male,True,54.0,4.5,cream,solid,blue,FALSE,wet,14.0,19.0,UK
Maine Coon,5.75,69.0,male,False,31.0,3.9,white,solid,blue,FALSE,dry,29.0,13.0,UK
Maine Coon,1.58,19.0,female,True,53.0,5.0,black,solid,yellow,FALSE,wet,19.0,17.0,UK
Maine Coon,1.67,20.0,male,True,35.0,3.9,brown,tabby,yellow,FALSE,wet,34.0,19.0,UK
Maine Coon,1.67,20.0,male,False,32.0,3.8,white,solid,blue,FALSE,wet,27.0,18.0,UK
Maine Coon,1.75,21.0,male,True,36.0,3.3,cream,tabby,yellow,FALSE,wet,37.0,21.0,France
Maine Coon,1.75,21.0,female,True,53.0,4.0,black,bicolor,yellow,FALSE,dry,20.0,19.0,UK
Maine Coon,1.75,21.0,female,True,60.0,4.5,black,solid,yellow,FALSE,dry,12.0,16.0,UK
Maine Coon,1.75,21.0,male,True,58.0,3.1,black,solid,yellow,TRUE,wet,26.0,13.0,UK
Maine Coon,1.75,21.0,male,False,42.0,3.7,black,solid,yellow,FALSE,wet,13.0,19.0,UK
Maine Coon,1.83,22.0,female,True,58.0,5.3,cream,solid,yellow,FALSE,dry,14.0,20.0,UK
Maine Coon,1.83,22.0,female,False,59.0,6.3,black,solid,yellow,FALSE,wet,13.0,16.0,UK
Maine Coon,1.92,23.0,male,True,40.0,3.4,cream,tabby,yellow,FALSE,dry,12.0,20.0,Germany
Maine Coon,1.92,23.0,female,True,36.0,3.2,white,solid,blue,FALSE,dry,44.0,13.0,UK
Maine Coon,1.92,23.0,male,True,53.0,4.0,cream,solid,yellow,FALSE,dry,30.0,18.0,Germany
Maine Coon,2.0,24.0,male,True,31.0,3.0,white,solid,yellow,TRUE,wet,34.0,13.0,UK
Maine Coon,2.0,24.0,female,True,46.0,3.8,black,solid,yellow,FALSE,wet,24.0,13.0,UK
Maine Coon,2.0,24.0,female,False,32.0,3.8,white,solid,blue,FALSE,dry,23.0,13.0,UK
Ragdoll,2.0,24.0,female,False,38.0,3.3,brown,tabby,yellow,FALSE,dry,29.0,13.0,UK
Ragdoll,2.08,25.0,female,True,76.0,6.31,black,solid,yellow,FALSE,wet,33.0,13.0,UK
Ragdoll,2.08,25.0,female,False,78.0,7.3,black,solid,yellow,FALSE,wet,14.0,13.0,UK
Ragdoll,2.17,26.0,female,False,70.0,6.0,black,solid,yellow,FALSE,dry,25.0,13.0,UK
Ragdoll,0.17,2.04,male,True,56.0,6.09,black,solid,green,FALSE,wet,38.0,13.0,UK
Maine Coon,2.17,26.0,male,False,85.0,9.0,cream,tabby,yellow,FALSE,wet,32.0,13.0,UK
Maine Coon,2.17,26.0,female,True,66.0,5.36,brown,tabby,yellow,FALSE,wet,39.0,13.0,UK
Maine Coon,2.17,26.0,male,True,51.0,9.4,brown,tabby,yellow,FALSE,wet,39.0,17.0,UK
Maine Coon,2.17,26.0,male,True,93.0,11.3,black,solid,yellow,FALSE,wet,29.0,13.0,UK
Maine Coon,2.17,26.0,female,True,65.0,4.9,brown,tabby,yellow,FALSE,dry,10.0,13.0,UK
Maine Coon,2.17,26.0,female,False,59.0,6.61,black,solid,yellow,FALSE,wet,16.0,16.0,UK
Maine Coon,2.25,27.0,female,False,66.0,8.42,brown,tabby,yellow,FALSE,dry,15.0,13.0,UK
Maine Coon,2.25,27.0,female,True,55.0,8.47,black,solid,yellow,FALSE,wet,10.0,13.0,UK
Maine Coon,2.33,28.0,male,False,74.0,7.2,brown,tabby,yellow,FALSE,wet,19.0,13.0,UK
Maine Coon,2.33,28.0,male,True,68.0,9.9,cream,tabby,yellow,FALSE,dry,16.0,17.0,UK
Maine Coon,2.33,28.0,female,True,80.0,6.9,black,solid,yellow,TRUE,wet,41.0,16.0,UK
My coon,2.42,29.0,male,True,71.0,8.3,cream,tabby,yellow,FALSE,wet,12.0,17.0,Germany
Maine Coon,2.5,30.0,male,False,56.0,8.5,brown,tabby,green,FALSE,wet,10.0,16.0,Germany
Maine Coon,2.5,30.0,male,True,61.0,9.7,black,solid,yellow,FALSE,wet,21.0,13.0,Germany
Maine Coon,2.5,30.0,male,True,72.0,9.1,cream,tabby,yellow,FALSE,wet,24.0,13.0,Germany
Maine Coon,2.58,31.0,female,True,79.0,7.15,brown,tabby,green,FALSE,dry,32.0,13.0,Germany
Maine Coon,2.58,31.0,male,True,85.0,9.4,cream,tabby,green,FALSE,dry,44.0,13.0,Germany
Ragdoll,0.17,2.04,male,True,55.0,8.0,brown,tabby,yellow,FALSE,dry,17.0,13.0,UK
Maine Coon,2.58,31.0,male,True,85.0,9.6,black,solid,yellow,TRUE,dry,27.0,13.0,UK
Maine Coon,2.58,31.0,female,True,45.0,6.09,black,solid,yellow,FALSE,dry,35.0,13.0,UK
Maine Coon,2.67,32.0,male,True,60.0,9.6,brown,tabby,yellow,FALSE,wet,14.0,13.0,UK
Maine Coon,2.75,33.0,female,False,69.0,7.77,black,solid,yellow,FALSE,dry,32.0,17.0,UK
Maine Coon,2.83,34.0,female,True,53.0,3.75,cream,solid,yellow,FALSE,wet,20.0,13.0,UK
Ragdoll,0.17,2.04,male,True,77.0,5.0,black,solid,yellow,FALSE,wet,28.0,17.0,UK
Maine Coon,2.83,34.0,male,True,83.0,10.8,cream,tabby,green,FALSE,dry,31.0,17.0,USA
Maine Coon,2.92,35.0,male,True,52.0,8.4,black,bicolor,yellow,FALSE,dry,12.0,13.0,USA
Maine Coon,2.92,35.0,male,False,72.0,8.0,white,solid,yellow,FALSE,wet,25.0,17.0,USA
Maine Coon,3.0,36.0,male,True,70.0,7.1,black,solid,yellow,FALSE,wet,28.0,16.0,USA
Ragdoll,3.0,36.0,female,True,60.0,4.96,brown,tabby,yellow,FALSE,dry,18.0,13.0,USA
Maine Coon,3.0,36.0,female,False,41.0,5.36,black,solid,yellow,FALSE,wet,18.0,13.0,USA
Maine Coon,3.08,37.0,male,True,62.0,10.4,cream,tabby,yellow,TRUE,wet,30.0,16.0,USA
Maine Coon,3.08,37.0,female,False,79.0,6.55,black,solid,yellow,FALSE,wet,12.0,13.0,USA
Maine Coon,3.17,38.0,female,True,62.0,7.12,brown,solid,yellow,FALSE,wet,10.0,13.0,USA
Maine Coon,3.17,38.0,male,False,53.0,7.1,black,bicolor,yellow,FALSE,wet,26.0,16.0,Germany
Maine Coon,3.17,38.0,male,False,80.0,9.8,black,solid,yellow,FALSE,dry,16.0,13.0,Germany
My coon,3.25,39.0,male,True,72.0,10.8,brown,solid,yellow,FALSE,dry,12.0,13.0,Germany
Maine Coon,3.33,40.0,female,True,80.0,5.47,black,solid,yellow,FALSE,wet,24.0,17.0,Germany
Maine Coon,3.42,41.0,male,True,60.0,10.1,brown,tabby,yellow,FALSE,wet,15.0,13.0,Germany
Maine Coon,3.42,41.0,male,False,73.0,9.8,brown,solid,yellow,FALSE,wet,37.0,13.0,Germany
Maine Coon,3.58,43.0,female,False,71.0,5.79,cream,solid,yellow,FALSE,dry,20.0,13.0,Germany
Maine Coon,3.58,43.0,male,False,67.0,10.5,brown,tabby,yellow,FALSE,wet,12.0,16.0,Germany
Maine Coon,3.58,43.0,female,False,75.0,8.22,black,solid,yellow,FALSE,wet,39.0,16.0,USA
Maine Coon,3.58,43.0,female,True,51.0,6.67,brown,tabby,yellow,TRUE,dry,32.0,13.0,USA
Maine Coon,3.67,44.0,male,True,53.0,7.3,brown,tabby,yellow,FALSE,wet,36.0,13.0,USA
Maine Coon,3.75,45.0,female,True,67.0,4.8,black,solid,green,FALSE,dry,20.0,13.0,USA
Maine Coon,3.83,46.0,female,True,72.0,7.1,black,bicolor,yellow,FALSE,wet,26.0,13.0,USA
Maine Coon,3.83,46.0,female,True,47.0,5.65,black,solid,green,FALSE,wet,20.0,13.0,USA
Maine Coon,3.83,46.0,female,False,42.0,7.01,brown,bicolor,yellow,FALSE,dry,27.0,13.0,USA
Ragdoll,3.83,46.0,female,True,37.0,5.96,white,solid,blue,FALSE,wet,29.0,13.0,USA
Ragdoll,3.92,47.0,male,True,67.0,7.8,brown,tabby,green,FALSE,dry,35.0,13.0,USA
Ragdoll,4.08,49.0,female,True,49.0,6.28,black,bicolor,yellow,TRUE,wet,10.0,13.0,USA
Ragdoll,4.08,49.0,female,True,67.0,7.09,black,solid,yellow,FALSE,dry,27.0,13.0,USA
Ragdoll,4.08,49.0,male,False,86.0,8.4,black,bicolor,yellow,FALSE,wet,11.0,13.0,USA
Ragdoll,4.08,49.0,female,False,38.0,5.06,white,solid,blue,FALSE,wet,9.0,13.0,USA
Maine Coon,4.17,50.0,female,True,39.0,8.21,brown,solid,yellow,FALSE,wet,4.0,13.0,USA
Maine Coon,4.17,50.0,male,True,79.0,11.5,cream,tabby,green,FALSE,wet,18.0,13.0,USA
Maine Coon,4.17,50.0,female,False,57.0,7.44,black,solid,yellow,FALSE,dry,13.0,13.0,USA
Maine Coon,4.25,51.0,female,True,69.0,8.68,black,bicolor,yellow,FALSE,dry,9.0,13.0,USA
Maine Coon,4.25,51.0,female,True,70.0,5.0,black,solid,yellow,FALSE,dry,30.0,16.0,USA
Maine Coon,4.25,51.0,male,True,83.0,10.5,brown,tabby,yellow,TRUE,dry,37.0,13.0,USA
Maine Coon,4.25,51.0,male,False,83.0,11.3,black,solid,yellow,FALSE,dry,36.0,16.0,USA
Maine Coon,4.33,52.0,male,True,70.0,9.7,white,solid,blue,FALSE,wet,38.0,13.0,USA
Maine Coon,4.33,52.0,female,True,48.0,4.88,black,solid,yellow,FALSE,wet,25.0,13.0,USA
Maine Coon,4.33,52.0,male,True,63.0,10.3,brown,tabby,yellow,FALSE,dry,27.0,13.0,USA
Maine Coon,4.42,53.0,female,True,77.0,6.39,black,solid,yellow,FALSE,wet,33.0,16.0,USA
Maine Coon,4.42,53.0,female,False,79.0,6.25,black,solid,green,FALSE,wet,19.0,13.0,USA
Maine Coon,4.42,53.0,male,False,46.0,6.62,black,tortie,yellow,FALSE,wet,12.0,13.0,USA
Maine Coon,4.5,54.0,male,True,72.0,4.8,black,solid,yellow,FALSE,wet,26.0,17.0,USA
Maine Coon,4.58,55.0,male,False,58.0,7.5,cream,tabby,yellow,FALSE,wet,18.0,13.0,USA
Maine Coon,4.58,55.0,male,True,57.0,8.7,cream,solid,yellow,FALSE,dry,19.0,13.0,USA
My coon,4.67,56.0,male,True,71.0,7.0,brown,tabby,yellow,TRUE,wet,21.0,13.0,USA
My coon,4.67,56.0,male,True,51.0,9.0,brown,tabby,yellow,FALSE,wet,21.0,13.0,USA
My coon,4.75,57.0,female,True,50.0,5.92,black,solid,yellow,FALSE,wet,9.0,13.0,USA
My coon,4.75,57.0,female,True,48.0,6.31,black,solid,green,FALSE,wet,34.0,13.0,USA
Maine Coon,4.75,57.0,male,True,84.0,11.3,black,solid,yellow,TRUE,wet,15.0,13.0,USA
Maine Coon,4.83,58.0,male,False,54.0,7.0,brown,tabby,green,FALSE,wet,37.0,13.0,USA
Maine Coon,4.83,58.0,female,False,74.0,4.95,black,tortie,yellow,FALSE,wet,27.0,13.0,USA
Maine Coon,4.83,58.0,female,True,42.0,6.19,brown,tabby,yellow,FALSE,dry,25.0,13.0,USA
Maine Coon,4.92,59.0,female,True,39.0,4.54,white,solid,blue,FALSE,dry,34.0,13.0,USA
My coon,4.92,59.0,female,True,56.0,8.89,black,solid,yellow,FALSE,wet,12.0,13.0,USA
Maine Coon,5.0,60.0,female,True,59.0,5.76,black,solid,yellow,FALSE,dry,34.0,13.0,USA
Maine Coon,5.0,60.0,male,False,48.0,8.1,black,solid,yellow,FALSE,wet,31.0,17.0,USA
Maine Coon,5.0,60.0,male,True,76.0,8.4,black,solid,green,FALSE,wet,27.0,13.0,USA
Maine Coon,5.0,60.0,female,True,68.0,4.23,black,solid,yellow,FALSE,wet,16.0,16.0,USA
Maine Coon,5.0,60.0,male,True,77.0,10.6,cream,tabby,yellow,TRUE,wet,22.0,13.0,USA
Maine Coon,5.0,60.0,male,False,72.0,8.1,brown,solid,yellow,FALSE,dry,11.0,13.0,USA
Maine Coon,5.08,61.0,female,True,49.0,8.26,black,solid,yellow,FALSE,dry,34.0,13.0,USA
Maine Coon,5.08,61.0,male,True,85.0,9.8,black,solid,yellow,FALSE,dry,23.0,13.0,USA
Maine Coon,5.17,62.0,female,True,72.0,5.31,black,solid,yellow,FALSE,wet,24.0,13.0,USA
Maine Coon,5.17,62.0,male,False,83.0,10.5,black,solid,yellow,FALSE,wet,37.0,17.0,USA
My coon,5.17,62.0,female,True,42.0,6.11,black,solid,yellow,FALSE,wet,30.0,13.0,USA
My coon,5.17,62.0,male,True,68.0,9.7,cream,solid,yellow,FALSE,wet,9.0,16.0,USA
My coon,5.25,63.0,male,True,88.0,8.8,brown,solid,yellow,TRUE,dry,4.0,13.0,USA
My coon,5.25,63.0,female,True,51.0,7.89,black,solid,yellow,FALSE,dry,29.0,13.0,USA
My coon,5.25,63.0,female,True,53.0,3.76,brown,solid,yellow,FALSE,wet,18.0,13.0,Canada
My coon,5.25,63.0,male,False,79.0,11.6,black,solid,yellow,FALSE,dry,11.0,13.0,Canada
Maine Coon,5.33,64.0,female,False,64.0,6.67,black,bicolor,yellow,FALSE,wet,24.0,13.0,Canada
Maine Coon,5.33,64.0,female,True,53.0,7.1,black,solid,yellow,TRUE,wet,18.0,16.0,Canada
Maine Coon,5.42,65.0,female,True,57.0,8.18,brown,tabby,yellow,FALSE,wet,14.0,16.0,Canada
Maine Coon,5.42,65.0,male,False,66.0,7.5,cream,tabby,yellow,FALSE,wet,10.0,13.0,Canada
Ragdoll,5.42,65.0,male,True,51.0,9.2,black,solid,yellow,FALSE,dry,18.0,13.0,Canada
Ragdoll,5.5,66.0,male,True,43.903435468895076,5.740900649953575,seal,solid,blue,FALSE,wet,23.0,13.0,Canada
Ragdoll,5.5,66.0,male,True,57.0,10.0,black,solid,yellow,FALSE,dry,34.0,13.0,Canada
Ragdoll,5.58,67.0,male,False,68.0,10.2,cream,tabby,green,FALSE,wet,36.0,16.0,Canada
Ragdoll,5.58,67.0,female,True,73.0,7.6,black,solid,green,FALSE,wet,27.0,13.0,Canada
Maine Coon,5.58,67.0,female,True,73.0,6.15,black,solid,yellow,FALSE,wet,35.0,13.0,Canada
Maine Coon,5.58,67.0,female,False,39.0,4.76,white,solid,blue,FALSE,wet,10.0,17.0,Canada
My coon,5.58,67.0,female,False,70.0,4.6,black,tortie,yellow,FALSE,wet,18.0,13.0,Canada
My coon,5.67,68.0,female,True,71.0,5.2,black,solid,yellow,FALSE,dry,18.0,13.0,Canada
My coon,5.67,68.0,female,False,56.0,5.8,black,solid,green,FALSE,wet,31.0,13.0,Canada
My coon,5.67,68.0,male,True,83.0,8.1,brown,tabby,yellow,FALSE,dry,28.0,13.0,Canada
My coon,5.67,68.0,male,False,80.0,9.6,cream,tabby,yellow,FALSE,dry,13.0,17.0,Canada
Maine Coon,5.75,69.0,female,True,43.0,7.65,brown,tortie,green,FALSE,wet,36.0,16.0,Canada
Maine Coon,5.75,69.0,female,True,39.0,6.29,white,solid,blue,FALSE,wet,30.0,13.0,Canada
Maine Coon,5.75,69.0,male,True,51.0,8.9,black,solid,yellow,TRUE,dry,14.0,13.0,USA
Maine Coon,5.75,69.0,female,False,68.0,5.58,black,tortie,yellow,FALSE,dry,15.0,16.0,USA
Maine Coon,5.75,69.0,female,True,51.0,5.91,white,solid,yellow,TRUE,wet,13.0,13.0,USA
Maine Coon,5.83,70.0,male,True,51.0,7.9,black,solid,yellow,TRUE,wet,21.0,13.0,USA
Maine Coon,5.92,71.0,male,False,76.0,10.4,cream,tabby,yellow,FALSE,wet,28.0,16.0,USA
Maine Coon,0.17,2.04,female,True,43.0,5.59,black,solid,yellow,FALSE,wet,18.0,16.0,USA
Maine Coon,0.17,2.04,male,True,56.0,7.0,cream,tabby,yellow,FALSE,dry,30.0,16.0,USA
Maine Coon,0.17,2.04,female,True,59.0,7.56,black,solid,yellow,FALSE,wet,20.0,16.0,USA
Maine Coon,0.17,2.04,male,False,83.0,10.0,black,solid,green,FALSE,wet,10.0,16.0,USA
Maine Coon,0.17,2.04,male,False,72.0,9.3,brown,tabby,green,FALSE,wet,35.0,16.0,USA
Maine Coon,0.17,2.04,male,True,58.0,9.1,black,solid,yellow,TRUE,wet,20.0,16.0,USA
Maine Coon,0.17,2.04,male,False,55.0,5.0,black,solid,yellow,FALSE,dry,31.0,16.0,USA
Maine Coon,6.17,74.0,male,False,87.0,11.5,black,bicolor,yellow,FALSE,wet,30.0,16.0,USA
Maine Coon,6.17,74.0,male,True,45.0,3.65,brown,solid,yellow,FALSE,dry,22.0,16.0,USA
Maine Coon,6.25,75.0,male,False,87.0,8.3,brown,tabby,yellow,FALSE,dry,36.0,16.0,USA
Maine Coon,6.25,75.0,male,False,54.0,4.13,brown,tabby,yellow,FALSE,dry,36.0,13.0,USA
Maine Coon,6.25,75.0,male,True,56.0,8.2,cream,tabby,yellow,FALSE,wet,23.0,13.0,USA
Maine Coon,6.25,75.0,male,True,60.0,9.9,cream,tabby,yellow,FALSE,wet,10.0,17.0,USA
Maine Coon,6.25,75.0,male,True,73.0,11.2,white,solid,blue,FALSE,wet,21.0,13.0,Germany
Maine Coon,6.33,76.0,female,True,41.0,6.92,black,solid,yellow,TRUE,wet,27.0,13.0,USA
Maine Coon,6.33,76.0,female,True,42.0,8.13,brown,tabby,yellow,FALSE,dry,19.0,16.0,USA
My coon,6.33,76.0,female,True,41.0,4.2,brown,tabby,green,FALSE,wet,17.0,13.0,USA
Maine Coon,6.33,76.0,female,False,62.0,8.31,black,solid,yellow,FALSE,dry,9.0,13.0,USA
Maine Coon,6.42,77.0,male,False,70.0,8.1,brown,tabby,yellow,FALSE,wet,27.0,13.0,USA
Maine Coon,6.42,77.0,male,True,66.0,11.3,brown,tabby,yellow,FALSE,wet,33.0,13.0,USA
Maine Coon,6.42,77.0,female,False,63.0,6.84,black,solid,yellow,FALSE,wet,13.0,16.0,USA
Maine Coon,6.5,78.0,male,False,84.0,11.3,brown,tabby,yellow,FALSE,wet,11.0,13.0,USA
Maine Coon,6.67,80.0,male,True,59.0,8.4,black,solid,green,TRUE,dry,27.0,17.0,USA
Maine Coon,6.67,80.0,male,True,76.0,9.4,black,solid,yellow,FALSE,wet,36.0,17.0,USA
Maine Coon,6.67,80.0,male,False,84.0,10.2,cream,tabby,yellow,FALSE,dry,33.0,17.0,USA
My coon,6.75,81.0,male,True,51.0,8.7,black,solid,yellow,FALSE,wet,13.0,13.0,USA
Maine Coon,6.75,81.0,male,True,75.0,11.7,brown,tabby,yellow,FALSE,wet,18.0,13.0,USA
Maine Coon,6.75,81.0,male,True,56.0,9.7,white,solid,yellow,TRUE,wet,18.0,17.0,USA
Maine Coon,6.83,82.0,female,False,76.0,7.24,brown,tabby,yellow,FALSE,dry,35.0,16.0,Germany
Maine Coon,6.83,82.0,female,True,63.0,7.82,brown,tortie,yellow,FALSE,wet,18.0,16.0,Germany
Maine Coon,6.83,82.0,male,True,78.0,8.7,black,solid,yellow,FALSE,wet,9.0,13.0,Germany
Maine Coon,6.83,82.0,male,True,78.0,7.5,brown,tabby,green,TRUE,dry,9.0,16.0,Germany
Maine Coon,6.83,82.0,female,False,49.0,8.41,black,solid,yellow,FALSE,dry,34.0,13.0,Germany
Maine Coon,6.83,82.0,female,True,37.0,6.98,white,solid,yellow,FALSE,wet,34.0,13.0,Germany
Maine Coon,6.92,83.0,male,True,48.0,6.2,cream,tabby,yellow,FALSE,wet,23.0,17.0,Germany
Maine Coon,6.92,83.0,male,True,59.0,9.8,black,solid,yellow,FALSE,wet,36.0,17.0,Germany
Maine Coon,6.92,83.0,male,False,75.0,9.3,black,solid,yellow,FALSE,wet,25.0,16.0,Germany
Maine Coon,6.92,83.0,male,False,78.0,8.8,cream,tabby,yellow,FALSE,wet,29.0,13.0,Germany
Maine Coon,7.0,84.0,male,True,42.0,3.99,black,solid,yellow,TRUE,wet,21.0,13.0,Germany
Maine Coon,7.0,84.0,male,False,88.0,10.1,black,solid,yellow,FALSE,wet,40.0,16.0,USA
Maine Coon,7.0,84.0,male,True,78.0,11.0,cream,tabby,yellow,FALSE,wet,29.0,13.0,Germany
Maine Coon,7.0,84.0,male,True,41.0,8.23,black,solid,yellow,FALSE,dry,25.0,13.0,USA
Maine Coon,7.0,84.0,male,False,52.0,7.96,black,tortie,yellow,FALSE,wet,30.0,13.0,USA
Maine Coon,7.08,85.0,male,True,65.0,6.7,brown,solid,yellow,FALSE,wet,26.0,17.0,USA
Maine Coon,7.08,85.0,female,True,80.0,5.62,black,solid,yellow,TRUE,wet,11.0,19.0,USA
My coon,7.17,86.0,male,True,78.0,11.0,cream,tabby,yellow,FALSE,wet,39.0,16.0,USA
Maine Coon,7.17,86.0,male,True,65.0,8.7,brown,tabby,yellow,FALSE,wet,11.0,19.0,USA
Maine Coon,7.17,86.0,male,True,62.0,7.0,black,solid,yellow,TRUE,wet,9.0,17.0,USA
Maine Coon,7.17,86.0,male,True,73.0,8.0,black,solid,yellow,FALSE,dry,9.0,17.0,USA
Maine Coon,7.17,86.0,female,True,48.0,7.3,black,solid,yellow,FALSE,dry,37.0,19.0,USA
My coon,7.17,86.0,female,False,49.0,7.0,black,solid,yellow,FALSE,wet,27.0,19.0,USA
My coon,7.25,87.0,female,True,49.0,6.43,cream,solid,yellow,FALSE,dry,37.0,17.0,USA
Maine Coon,7.25,87.0,female,True,72.0,5.28,black,solid,green,TRUE,wet,23.0,19.0,USA
Maine Coon,7.25,87.0,female,False,73.0,8.14,brown,tabby,yellow,FALSE,wet,17.0,21.0,USA
Maine Coon,7.25,87.0,male,True,69.0,10.4,cream,tabby,yellow,FALSE,wet,37.0,19.0,USA
Maine Coon,7.25,87.0,male,True,67.0,8.5,brown,tabby,yellow,FALSE,dry,20.0,17.0,USA
Maine Coon,7.42,89.0,male,True,77.0,11.3,brown,tabby,yellow,TRUE,wet,12.0,17.0,USA
Maine Coon,7.42,89.0,male,True,52.0,9.0,black,solid,yellow,FALSE,wet,9.0,16.0,USA
Maine Coon,7.42,89.0,male,True,89.0,10.5,brown,solid,yellow,FALSE,dry,10.0,19.0,USA
Maine Coon,7.5,90.0,male,False,79.0,8.1,black,solid,green,FALSE,wet,21.0,13.0,USA
Maine Coon,7.5,90.0,female,False,65.0,7.86,brown,tabby,yellow,FALSE,wet,34.0,19.0,USA
Maine Coon,7.5,90.0,female,True,51.0,7.86,black,solid,yellow,FALSE,wet,36.0,21.0,USA
Maine Coon,7.5,90.0,male,True,48.0,8.2,black,solid,yellow,TRUE,wet,27.0,16.0,USA
Maine Coon,7.58,91.0,male,False,85.0,7.9,black,solid,yellow,FALSE,dry,35.0,16.0,USA
Maine Coon,7.58,91.0,male,False,85.0,7.4,black,solid,yellow,FALSE,dry,37.0,17.0,USA
Maine Coon,7.67,92.0,female,False,34.0,3.61,black,bicolor,green,FALSE,wet,32.0,13.0,USA
Maine Coon,7.67,92.0,male,False,79.0,11.3,black,solid,green,FALSE,wet,19.0,16.0,USA
My coon,7.67,92.0,male,True,102.0,10.1,black,solid,yellow,FALSE,wet,16.0,13.0,USA
Maine Coon,7.83,94.0,female,False,77.0,5.84,brown,tabby,green,FALSE,dry,23.0,18.0,USA
Maine Coon,7.83,94.0,male,True,56.0,11.1,black,solid,yellow,FALSE,wet,12.0,16.0,USA
Maine Coon,7.92,95.0,male,False,75.0,9.5,black,solid,yellow,FALSE,wet,35.0,19.0,USA
Maine Coon,7.92,95.0,male,True,81.0,7.3,cream,tabby,yellow,FALSE,wet,17.0,20.0,USA
Maine Coon,7.92,95.0,male,False,81.0,7.6,brown,tabby,yellow,FALSE,wet,11.0,13.0,USA
Maine Coon,8.0,96.0,male,True,97.0,10.9,black,solid,yellow,TRUE,dry,11.0,20.0,USA
Maine Coon,8.17,98.0,female,True,40.0,5.45,black,solid,yellow,FALSE,wet,29.0,17.0,USA
Maine Coon,4.0,48.0,female,False,74.0,5.3,black,tortie,yellow,FALSE,wet,11.0,13.0,USA
Maine Coon,8.25,99.0,male,True,79.0,10.4,black,solid,yellow,FALSE,wet,29.0,20.0,USA
Maine Coon,8.33,100.0,female,False,62.0,5.49,black,solid,yellow,FALSE,wet,10.0,18.0,USA
Maine Coon,7.67,92.0,female,True,39.0,7.98,white,solid,blue,FALSE,wet,37.0,21.0,USA
Maine Coon,8.33,100.0,female,False,57.0,8.3,brown,tabby,yellow,FALSE,wet,11.0,18.0,USA
Maine Coon,8.42,101.0,female,True,65.0,7.79,cream,bicolor,yellow,FALSE,wet,15.0,19.0,USA
Maine Coon,7.58,91.0,female,False,80.0,7.9,black,solid,yellow,FALSE,wet,38.0,18.0,USA
Maine Coon,8.5,102.0,male,True,67.0,10.9,black,solid,green,FALSE,dry,20.0,20.0,USA
Maine Coon,6.17,74.0,female,True,56.0,3.9,black,solid,yellow,TRUE,wet,27.0,13.0,USA
Maine Coon,8.58,103.0,female,True,71.0,7.05,black,solid,green,FALSE,wet,29.0,18.0,USA
Maine Coon,8.58,103.0,male,False,85.0,9.2,cream,tabby,green,FALSE,wet,31.0,20.0,USA
Maine Coon,8.58,103.0,male,False,86.0,10.0,cream,bicolor,yellow,FALSE,wet,35.0,19.0,USA
Maine Coon,6.42,77.0,female,True,38.0,7.82,cream,solid,yellow,FALSE,dry,17.0,16.0,USA
Maine Coon,7.83,94.0,male,True,68.0,11.6,black,solid,yellow,FALSE,dry,26.0,21.0,USA
Maine Coon,5.42,65.0,female,True,48.0,4.15,brown,bicolor,yellow,FALSE,wet,36.0,13.0,USA
Maine Coon,8.67,104.0,female,False,54.0,7.99,black,solid,yellow,FALSE,dry,27.0,21.0,USA
Maine Coon,5.58,67.0,female,True,65.0,5.16,black,solid,yellow,FALSE,wet,13.0,13.0,USA
Maine Coon,6.42,77.0,female,False,66.0,5.0,black,solid,green,FALSE,wet,10.0,13.0,USA
Maine Coon,8.75,105.0,female,False,55.0,7.35,black,solid,yellow,FALSE,wet,13.0,17.0,USA
Maine Coon,5.0,60.0,female,True,64.0,5.23,black,solid,yellow,TRUE,dry,37.0,13.0,USA
Maine Coon,7.42,89.0,female,True,42.0,7.27,black,solid,yellow,FALSE,dry,12.0,17.0,USA
Maine Coon,8.92,107.0,female,True,59.0,7.75,black,solid,yellow,FALSE,wet,18.0,20.0,USA
Maine Coon,8.92,107.0,female,False,75.0,6.0,black,solid,yellow,FALSE,dry,27.0,16.0,USA
Maine Coon,4.83,58.0,female,True,42.0,5.12,brown,tortie,yellow,FALSE,wet,36.0,13.0,USA
Maine Coon,7.33,88.0,female,False,79.0,8.5,black,solid,green,FALSE,wet,12.0,17.0,USA
Maine Coon,8.92,107.0,female,True,36.0,5.77,brown,tabby,yellow,FALSE,wet,5.0,16.0,USA
Maine Coon,8.92,107.0,female,True,46.0,8.07,black,solid,yellow,TRUE,wet,16.0,20.0,USA
Ragdoll,8.92,107.0,female,True,36.0,6.95,white,solid,yellow,FALSE,wet,26.0,19.0,USA
Ragdoll,7.58,91.0,male,False,65.0,9.7,brown,tabby,yellow,FALSE,wet,39.0,20.0,USA
Ragdoll,9.0,108.0,female,True,64.0,6.93,brown,tabby,yellow,FALSE,dry,34.0,20.0,USA
Ragdoll,9.0,108.0,male,True,83.0,11.3,black,solid,yellow,FALSE,wet,15.0,21.0,USA
Ragdoll,9.0,108.0,male,True,83.0,11.6,cream,solid,yellow,FALSE,wet,37.0,20.0,USA
Ragdoll,9.0,108.0,male,True,75.0,9.7,cream,solid,yellow,TRUE,dry,12.0,19.0,USA
Maine Coon,9.08,109.0,male,False,60.0,8.3,black,solid,yellow,FALSE,wet,13.0,20.0,USA
Maine Coon,9.08,109.0,male,False,61.0,7.9,black,solid,yellow,FALSE,dry,18.0,19.0,USA
Maine Coon,9.17,110.0,male,True,88.0,10.5,black,solid,yellow,FALSE,wet,10.0,19.0,USA
Maine Coon,8.5,102.0,female,False,70.0,6.01,black,solid,yellow,FALSE,wet,37.0,21.0,USA
Maine Coon,9.25,111.0,male,True,66.0,11.3,cream,solid,yellow,FALSE,wet,12.0,19.0,USA
Maine Coon,9.25,111.0,male,True,69.0,9.5,black,solid,yellow,FALSE,wet,25.0,19.0,USA
Maine Coon,8.17,98.0,male,True,52.0,8.7,black,solid,yellow,FALSE,wet,23.0,20.0,USA
Maine Coon,9.33,112.0,male,True,65.0,6.2,black,solid,yellow,FALSE,wet,21.0,21.0,USA
Maine Coon,9.33,112.0,female,True,64.0,5.18,black,solid,yellow,FALSE,wet,45.0,18.0,USA
Maine Coon,9.42,113.0,female,True,49.0,6.45,brown,tabby,yellow,TRUE,wet,23.0,16.0,USA
Maine Coon,4.92,59.0,female,False,78.0,5.1,black,solid,yellow,FALSE,wet,21.0,13.0,USA
Maine Coon,9.42,113.0,male,False,69.0,8.7,black,bicolor,yellow,FALSE,wet,31.0,19.0,USA
Maine Coon,8.17,98.0,male,False,67.0,7.0,black,solid,yellow,FALSE,dry,22.0,20.0,USA
Maine Coon,6.5,78.0,female,False,51.0,5.3,black,tortie,yellow,FALSE,wet,11.0,13.0,USA
Maine Coon,9.5,114.0,male,True,87.0,7.3,black,solid,yellow,FALSE,dry,16.0,20.0,USA
Maine Coon,9.5,114.0,female,True,46.0,8.34,black,solid,yellow,FALSE,wet,24.0,17.0,USA
Maine Coon,9.58,115.0,female,True,76.0,7.11,brown,tabby,yellow,FALSE,wet,15.0,20.0,USA
Maine Coon,7.67,92.0,male,True,55.0,8.4,cream,tabby,yellow,FALSE,dry,18.0,21.0,USA
Maine Coon,4.92,59.0,female,False,48.0,4.86,black,solid,yellow,FALSE,wet,16.0,16.0,USA
Maine Coon,9.58,115.0,male,True,78.0,12.1,black,bicolor,yellow,FALSE,dry,10.0,19.0,USA
Maine Coon,9.67,116.0,female,False,65.0,6.61,brown,tabby,yellow,FALSE,dry,23.0,21.0,USA
Maine Coon,7.58,91.0,male,True,59.0,8.1,black,solid,yellow,FALSE,wet,38.0,18.0,USA
Maine Coon,9.67,116.0,female,False,54.0,8.13,black,solid,yellow,FALSE,dry,11.0,21.0,USA
Maine Coon,9.75,117.0,male,True,74.0,7.4,brown,tabby,yellow,TRUE,dry,16.0,18.0,USA
Maine Coon,7.0,84.0,male,True,63.0,8.9,black,solid,yellow,FALSE,dry,17.0,16.0,USA
Maine Coon,4.08,49.0,female,False,37.0,3.51,white,solid,blue,FALSE,dry,17.0,16.0,USA
Maine Coon,6.5,78.0,male,True,70.0,10.9,black,solid,yellow,FALSE,wet,19.0,13.0,USA
Maine Coon,9.83,118.0,female,False,76.0,8.58,black,tortie,yellow,FALSE,dry,28.0,19.0,USA
Maine Coon,9.83,118.0,female,False,72.0,7.57,brown,tabby,green,FALSE,wet,17.0,19.0,USA
Maine Coon,7.17,86.0,male,True,48.0,7.8,cream,tabby,yellow,FALSE,wet,27.0,17.0,USA
Maine Coon,10.25,123.0,female,True,60.0,8.22,black,solid,yellow,FALSE,dry,9.0,21.0,USA
Maine Coon,6.33,76.0,female,True,65.0,5.4,black,solid,yellow,FALSE,wet,25.0,13.0,USA
Maine Coon,10.0,120.0,female,False,53.0,6.5,black,tortie,yellow,FALSE,dry,14.0,17.0,USA
Ragdoll,0.25,3.0,female,True,21.0,3.1,cream,bicolor,blue,FALSE,wet,60.0,10.0,USA
Ragdoll,0.33,4.0,male,False,21.0,3.0,cream,colorpoint,blue,FALSE,dry,21.0,16.0,USA
Ragdoll,0.33,4.0,female,False,21.0,3.0,seal,tortie,green,FALSE,wet,31.0,16.0,USA
Ragdoll,0.33,4.0,male,False,21.0,3.0,seal,colorpoint,blue,FALSE,wet,16.0,17.0,USA
Ragdoll,0.33,4.0,female,False,21.0,3.3,cream,bicolor,blue,FALSE,dry,14.0,16.0,USA
Ragdoll,0.33,4.0,female,True,22.0,3.2,seal,colorpoint,green,FALSE,dry,16.0,20.0,USA
Ragdoll,0.33,4.0,female,False,22.0,3.2,seal,colorpoint,blue,FALSE,wet,46.0,15.0,USA
Ragdoll,0.33,4.0,male,False,22.0,3.2,seal,colorpoint,blue,FALSE,wet,48.0,21.0,USA
Ragdoll,0.42,5.0,female,False,22.0,3.2,seal,bicolor,green,FALSE,wet,27.0,13.0,USA
Ragdoll,0.42,5.0,male,False,22.0,3.2,cream,bicolor,blue,FALSE,wet,29.0,13.0,UK
Ragdoll,0.42,5.0,male,False,23.0,3.5,cream,colorpoint,blue,FALSE,wet,49.0,11.0,UK
Ragdoll,6.5,78.0,male,False,26.0,4.2,cream,bicolor,blue,FALSE,wet,42.0,13.0,UK
Ragdoll,0.42,5.0,female,False,26.0,3.7,cream,bicolor,blue,FALSE,wet,28.0,12.0,UK
Ragdoll,6.67,80.0,female,False,26.0,4.0,seal,colorpoint,blue,FALSE,wet,27.0,16.0,UK
Ragdoll,3.25,39.0,male,False,25.0,4.3,seal,colorpoint,blue,FALSE,wet,18.0,13.0,UK
Ragdoll,0.42,5.0,female,True,21.0,3.9,seal,colorpoint,green,FALSE,wet,23.0,16.0,USA
Ragdoll,4.0,48.0,female,False,27.0,4.4,seal,colorpoint,green,FALSE,wet,23.0,16.0,USA
Ragdoll,0.5,6.0,female,False,25.0,3.8,seal,colorpoint,blue,FALSE,wet,18.0,15.0,UK
Ragdoll,3.42,41.0,male,False,30.0,4.8,seal,colorpoint,blue,FALSE,wet,31.0,13.0,UK
Ragdoll,3.0,36.0,male,False,26.0,4.9,cream,bicolor,blue,FALSE,wet,20.0,16.0,UK
Ragdoll,1.08,13.0,male,False,29.0,4.0,cream,colorpoint,green,FALSE,wet,46.0,16.0,UK
Ragdoll,6.5,78.0,female,False,26.0,4.1,seal,tortie,blue,FALSE,wet,22.0,13.0,UK
Ragdoll,2.92,35.0,male,False,29.0,5.0,seal,colorpoint,blue,FALSE,wet,21.0,16.0,USA
Ragdoll,1.5,18.0,male,False,30.0,5.3,cream,colorpoint,blue,FALSE,wet,11.0,17.0,USA
Ragdoll,0.5,6.0,male,False,30.0,4.2,cream,bicolor,amber,FALSE,wet,43.0,11.0,Germany
Ragdoll,6.92,83.0,female,False,22.0,4.0,lilac,bicolor,green,FALSE,wet,34.0,13.0,Germany
Ragdoll,0.58,7.0,female,False,20.0,4.3,brown,colorpoint,green,FALSE,wet,28.0,14.0,Germany
Ragdoll,3.42,41.0,female,False,22.0,4.4,seal,colorpoint,blue,FALSE,wet,14.0,16.0,Germany
Ragdoll,0.58,7.0,female,True,21.0,3.9,seal,colorpoint,blue,FALSE,wet,21.0,12.0,Germany
Ragdoll,0.58,7.0,female,False,24.0,3.7,brown,colorpoint,blue,FALSE,wet,17.0,13.0,Germany
Ragdoll,4.67,56.0,male,False,26.0,4.5,seal,bicolor,blue,FALSE,wet,37.0,13.0,Germany
Ragdoll,1.33,16.0,female,False,28.0,4.4,seal,colorpoint,blue,FALSE,dry,36.0,19.0,Germany
Ragdoll,0.67,8.0,female,True,23.0,3.8,seal,colorpoint,green,FALSE,wet,26.0,21.0,Germany
Ragdoll,0.67,8.0,female,True,22.0,3.8,seal,colorpoint,green,FALSE,wet,38.0,17.0,Germany
Ragdoll,0.67,8.0,female,True,21.0,3.7,brown,colorpoint,blue,FALSE,wet,47.0,16.0,Germany
Ragdoll,0.67,8.0,male,True,31.0,4.3,cream,bicolor,blue,FALSE,wet,56.0,20.0,Germany
Ragdoll,0.75,9.0,female,True,25.0,3.8,seal,colorpoint,blue,FALSE,wet,32.0,19.0,Germany
Ragdoll,3.08,37.0,male,True,25.0,4.5,brown,colorpoint,blue,FALSE,wet,19.0,16.0,Germany
Ragdoll,1.67,20.0,female,True,22.0,4.3,seal,bicolor,green,FALSE,dry,45.0,19.0,Germany
Ragdoll,0.83,10.0,female,True,26.0,3.5,seal,colorpoint,blue,FALSE,dry,53.0,20.0,Germany
Ragdoll,0.83,10.0,female,True,24.0,3.9,seal,tortie,blue,FALSE,wet,42.0,20.0,Germany
Ragdoll,1.42,17.0,female,False,21.0,4.3,seal,colorpoint,blue,FALSE,dry,30.0,19.0,USA
Ragdoll,1.0,12.0,female,False,28.0,4.4,seal,colorpoint,blue,FALSE,wet,16.0,18.0,USA
Ragdoll,4.08,49.0,female,False,26.0,4.3,seal,tortie,blue,FALSE,wet,9.0,17.0,USA
Ragdoll,0.17,2.04,male,True,31.0,4.4,brown,colorpoint,blue,TRUE,dry,17.0,15.0,USA
Ragdoll,0.17,2.04,female,False,26.0,3.9,seal,colorpoint,blue,FALSE,dry,11.0,17.0,USA
Ragdoll,0.17,2.04,female,False,26.0,4.0,seal,colorpoint,blue,FALSE,wet,17.0,19.0,USA
Ragdoll,0.17,2.04,male,True,28.0,4.8,cream,bicolor,green,FALSE,wet,14.0,13.0,USA
Ragdoll,0.17,2.04,female,True,21.0,3.8,seal,bicolor,blue,FALSE,wet,22.0,20.0,USA
Ragdoll,0.17,2.04,female,True,24.0,3.9,brown,colorpoint,blue,FALSE,wet,34.0,21.0,USA
Ragdoll,4.75,57.0,male,True,27.0,4.7,brown,colorpoint,blue,FALSE,dry,16.0,13.0,USA
Ragdoll,1.17,14.0,female,True,26.0,4.1,seal,colorpoint,blue,FALSE,wet,38.0,18.0,USA
Ragdoll,1.17,14.0,female,False,22.0,3.8,brown,colorpoint,blue,FALSE,dry,4.0,20.0,Canada
Ragdoll,1.17,14.0,female,True,20.0,4.3,seal,colorpoint,green,FALSE,dry,30.0,15.0,Canada
Ragdoll,1.25,15.0,female,True,26.0,3.8,seal,tortie,blue,FALSE,dry,27.0,18.0,Canada
Ragdoll,1.25,15.0,female,True,21.0,3.5,seal,colorpoint,blue,FALSE,wet,34.0,17.0,Canada
Ragdoll,1.25,15.0,female,True,27.0,3.8,seal,colorpoint,blue,FALSE,dry,19.0,20.0,Canada
Ragdoll,1.25,15.0,male,True,25.0,4.7,brown,colorpoint,blue,FALSE,dry,22.0,18.0,Canada
Ragdoll,1.33,16.0,female,True,27.0,3.6,seal,colorpoint,blue,TRUE,wet,38.0,16.0,Canada
Ragdoll,1.42,17.0,female,True,21.0,3.8,brown,colorpoint,blue,FALSE,dry,29.0,21.0,Canada
Ragdoll,1.42,17.0,female,True,28.0,4.2,seal,bicolor,blue,FALSE,wet,19.0,21.0,Canada
Ragdoll,1.42,17.0,female,True,27.0,4.1,seal,bicolor,blue,FALSE,dry,36.0,19.0,Canada
Ragdoll,1.5,18.0,male,False,29.0,5.1,brown,colorpoint,blue,FALSE,dry,3.0,18.0,UK
Ragdoll,1.5,18.0,female,True,23.0,3.9,seal,colorpoint,blue,FALSE,dry,4.0,20.0,UK
Ragdoll,1.5,18.0,male,True,28.0,4.1,brown,colorpoint,blue,FALSE,dry,37.0,17.0,UK
Ragdoll,1.5,18.0,male,False,28.0,4.4,seal,colorpoint,blue,FALSE,wet,10.0,21.0,UK
Ragdoll,4.0,48.0,female,True,27.0,4.5,seal,colorpoint,blue,FALSE,wet,23.0,15.0,UK
Ragdoll,3.42,41.0,male,True,28.0,4.9,brown,colorpoint,blue,TRUE,wet,10.0,15.0,UK
Ragdoll,1.58,19.0,male,False,28.0,4.4,cream,bicolor,blue,FALSE,wet,35.0,19.0,UK
Ragdoll,1.58,19.0,female,True,22.0,4.2,seal,colorpoint,blue,FALSE,wet,30.0,18.0,UK
Ragdoll,1.58,19.0,female,False,26.0,4.1,seal,colorpoint,blue,FALSE,wet,20.0,20.0,UK
Ragdoll,5.67,68.0,male,True,26.0,4.7,seal,colorpoint,blue,FALSE,dry,18.0,15.0,UK
Ragdoll,5.67,68.0,female,True,27.0,4.9,seal,colorpoint,green,FALSE,dry,12.0,16.0,UK
Ragdoll,1.67,20.0,male,False,31.0,4.7,seal,colorpoint,blue,FALSE,wet,30.0,19.0,UK
Ragdoll,1.67,20.0,female,True,20.0,3.5,seal,tortie,blue,FALSE,wet,32.0,20.0,UK
Ragdoll,3.92,47.0,male,True,28.0,5.0,seal,colorpoint,blue,FALSE,wet,2.0,15.0,UK
Ragdoll,1.75,21.0,male,False,29.0,4.1,seal,colorpoint,blue,TRUE,wet,11.0,17.0,Canada
Ragdoll,1.83,22.0,female,True,28.0,4.0,seal,colorpoint,blue,FALSE,wet,25.0,16.0,Canada
Ragdoll,1.83,22.0,male,True,26.0,4.9,seal,colorpoint,blue,FALSE,dry,32.0,21.0,Canada
Ragdoll,1.83,22.0,female,True,24.0,3.8,seal,colorpoint,blue,FALSE,wet,4.0,17.0,Canada
Ragdoll,1.92,23.0,male,True,31.0,4.8,seal,mitted,blue,FALSE,dry,35.0,19.0,Canada
Ragdoll,4.5,54.0,male,True,26.0,5.1,seal,colorpoint,blue,FALSE,wet,12.0,15.0,Canada
Ragdoll,4.0,48.0,male,True,30.0,5.0,cream,bicolor,green,FALSE,wet,13.0,15.0,Canada
Ragdoll,4.25,51.0,male,False,30.0,5.2,seal,colorpoint,blue,FALSE,dry,7.0,15.0,Canada
Ragdoll,2.0,24.0,female,True,21.0,4.0,brown,colorpoint,blue,FALSE,dry,22.0,17.0,Canada
Ragdoll,2.0,24.0,male,True,27.0,4.9,cream,colorpoint,green,FALSE,dry,29.0,15.0,Canada
Ragdoll,2.0,24.0,female,True,20.0,3.5,seal,colorpoint,blue,FALSE,wet,20.0,15.0,Canada
Ragdoll,2.0,24.0,female,True,23.0,3.9,brown,colorpoint,blue,FALSE,wet,22.0,15.0,USA
Ragdoll,5.17,62.0,female,True,26.0,4.7,seal,colorpoint,blue,FALSE,wet,13.0,15.0,USA
Ragdoll,2.08,25.0,female,True,23.0,4.33,seal,mitted,green,FALSE,wet,8.0,17.0,USA
Ragdoll,2.08,25.0,female,True,21.0,4.72,seal,colorpoint,green,FALSE,dry,34.0,15.0,USA
Ragdoll,2.08,25.0,male,True,25.0,6.05,seal,colorpoint,blue,FALSE,wet,5.0,15.0,USA
Ragdoll,2.08,25.0,female,True,43.903435468895076,5.740900649953575,seal,colorpoint,blue,FALSE,wet,12.0,16.0,USA
Ragdoll,2.17,26.0,male,True,43.903435468895076,5.740900649953575,seal,colorpoint,blue,FALSE,dry,23.0,16.0,USA
Ragdoll,2.17,26.0,male,True,43.903435468895076,5.740900649953575,cream,colorpoint,blue,FALSE,wet,29.0,15.0,USA
Ragdoll,2.17,26.0,female,True,43.903435468895076,5.740900649953575,seal,colorpoint,green,FALSE,dry,6.0,15.0,USA
Ragdoll,2.17,26.0,female,True,43.903435468895076,5.740900649953575,seal,bicolor,blue,FALSE,wet,28.0,15.0,USA
Ragdoll,5.92,71.0,male,True,27.0,8.62,brown,colorpoint,green,FALSE,dry,29.0,15.0,USA
Ragdoll,2.25,27.0,female,True,25.0,6.78,brown,colorpoint,blue,FALSE,wet,16.0,16.0,USA
Ragdoll,2.33,28.0,female,True,36.0,5.3,seal,colorpoint,blue,FALSE,wet,12.0,15.0,USA
Ragdoll,2.33,28.0,male,True,31.0,6.87,seal,colorpoint,blue,FALSE,wet,31.0,15.0,USA
Ragdoll,2.33,28.0,female,True,20.0,4.7,brown,colorpoint,green,FALSE,wet,24.0,15.0,USA
Ragdoll,2.33,28.0,male,True,28.0,6.3,seal,colorpoint,blue,FALSE,dry,7.0,15.0,USA
Ragdoll,2.42,29.0,female,True,22.0,5.3,brown,tortie,blue,FALSE,dry,1.0,15.0,USA
Ragdoll,2.42,29.0,female,False,28.0,4.39,seal,colorpoint,blue,FALSE,wet,5.0,15.0,USA
Ragdoll,2.5,30.0,male,True,27.0,6.8,cream,bicolor,blue,FALSE,wet,21.0,15.0,USA
Ragdoll,2.5,30.0,male,False,29.0,6.77,seal,colorpoint,blue,FALSE,wet,3.0,15.0,USA
Ragdoll,2.5,30.0,female,True,24.0,4.88,seal,colorpoint,blue,FALSE,wet,21.0,17.0,USA
Ragdoll,2.5,30.0,male,False,27.0,6.72,seal,colorpoint,blue,FALSE,wet,8.0,15.0,USA
Ragdoll,2.58,31.0,male,True,28.0,5.0,seal,colorpoint,green,FALSE,dry,14.0,15.0,USA
Ragdoll,2.67,32.0,male,True,53.0,6.15,seal,bicolor,green,FALSE,dry,32.0,15.0,USA
Ragdoll,2.67,32.0,female,True,40.0,4.61,seal,tortie,blue,TRUE,wet,22.0,15.0,USA
Ragdoll,2.67,32.0,female,False,45.0,5.31,seal,colorpoint,blue,FALSE,dry,22.0,15.0,USA
Ragdoll,2.67,32.0,male,False,51.0,5.53,cream,bicolor,blue,FALSE,wet,25.0,15.0,USA
Ragdoll,2.67,32.0,male,True,52.0,7.41,seal,colorpoint,blue,FALSE,wet,5.0,15.0,USA
Ragdoll,2.75,33.0,female,False,43.0,4.65,brown,mitted,green,FALSE,wet,21.0,17.0,USA
Ragdoll,2.75,33.0,female,True,47.0,4.63,seal,colorpoint,blue,FALSE,dry,34.0,17.0,USA
Ragdoll,2.75,33.0,female,False,48.0,6.0,brown,bicolor,green,FALSE,wet,15.0,17.0,USA
Ragdoll,2.83,34.0,female,False,38.0,5.3,seal,colorpoint,blue,FALSE,wet,31.0,17.0,USA
Ragdoll,2.83,34.0,male,True,43.0,5.97,seal,colorpoint,blue,FALSE,wet,29.0,15.0,USA
Ragdoll,2.83,34.0,male,True,51.0,5.67,seal,colorpoint,green,FALSE,wet,24.0,17.0,USA
Ragdoll,2.83,34.0,male,True,49.0,8.92,seal,colorpoint,blue,FALSE,wet,41.0,15.0,USA
Ragdoll,2.92,35.0,male,False,43.0,6.96,seal,colorpoint,blue,TRUE,wet,5.0,15.0,USA
Ragdoll,2.92,35.0,male,True,44.0,6.7,cream,bicolor,green,FALSE,dry,17.0,15.0,USA
Ragdoll,3.0,36.0,female,True,45.0,6.1,seal,colorpoint,blue,FALSE,wet,38.0,15.0,USA
Ragdoll,3.0,36.0,male,True,55.0,9.0,seal,colorpoint,blue,FALSE,wet,12.0,16.0,USA
Ragdoll,3.0,36.0,male,True,51.0,7.65,seal,colorpoint,blue,FALSE,dry,30.0,17.0,USA
Ragdoll,3.0,36.0,female,False,44.0,5.64,seal,colorpoint,blue,FALSE,wet,24.0,15.0,USA
Ragdoll,3.0,36.0,male,False,50.0,7.48,seal,colorpoint,blue,FALSE,wet,27.0,17.0,USA
Ragdoll,3.0,36.0,male,True,22.0,5.5,brown,colorpoint,blue,FALSE,wet,13.0,17.0,USA
Ragdoll,0.17,2.04,female,True,41.0,5.35,brown,tortie,green,FALSE,wet,24.0,15.0,USA
Ragdoll,0.17,2.04,female,False,45.0,4.4,seal,colorpoint,blue,FALSE,wet,25.0,15.0,USA
Ragdoll,0.17,2.04,female,True,39.0,6.75,seal,colorpoint,blue,FALSE,dry,12.0,15.0,USA
Ragdoll,0.17,2.04,female,True,38.0,5.73,seal,colorpoint,blue,FALSE,wet,2.0,15.0,USA
Ragdoll,0.17,2.04,male,True,43.0,6.56,brown,colorpoint,green,FALSE,wet,25.0,15.0,USA
Ragdoll,0.17,2.04,female,True,48.0,6.39,seal,colorpoint,blue,FALSE,wet,32.0,16.0,USA
Ragdoll,0.17,2.04,female,True,47.0,4.38,seal,colorpoint,blue,FALSE,wet,14.0,16.0,USA
Ragdoll,3.17,38.0,male,True,46.0,7.79,seal,colorpoint,blue,FALSE,dry,13.0,15.0,USA
Ragdoll,3.17,38.0,female,True,39.0,5.34,seal,colorpoint,blue,FALSE,wet,29.0,17.0,USA
Ragdoll,3.17,38.0,female,True,47.0,6.42,seal,colorpoint,blue,FALSE,wet,26.0,15.0,USA
Ragdoll,3.17,38.0,female,True,41.0,6.77,cream,colorpoint,green,FALSE,wet,16.0,15.0,USA
Ragdoll,3.17,38.0,female,True,38.0,3.98,seal,colorpoint,blue,TRUE,dry,22.0,15.0,USA
Ragdoll,3.25,39.0,male,True,52.0,6.8,cream,colorpoint,blue,FALSE,dry,1.0,15.0,USA
Ragdoll,3.25,39.0,female,False,39.0,4.22,brown,colorpoint,blue,FALSE,wet,31.0,15.0,USA
Ragdoll,3.25,39.0,male,True,31.0,5.4,seal,colorpoint,blue,FALSE,wet,2.0,15.0,USA
Ragdoll,3.25,39.0,male,True,48.0,7.78,cream,bicolor,blue,FALSE,wet,16.0,16.0,USA
Ragdoll,3.25,39.0,male,True,49.0,7.87,seal,colorpoint,green,FALSE,wet,20.0,15.0,USA
Ragdoll,3.25,39.0,female,True,47.0,4.44,seal,colorpoint,blue,FALSE,dry,30.0,15.0,USA
Ragdoll,3.25,39.0,male,True,30.0,4.9,brown,colorpoint,blue,FALSE,dry,29.0,15.0,USA
Ragdoll,3.33,40.0,male,False,50.0,6.3,brown,colorpoint,blue,FALSE,wet,2.0,15.0,USA
Ragdoll,3.33,40.0,male,True,43.0,6.35,cream,colorpoint,blue,FALSE,dry,22.0,15.0,USA
Ragdoll,3.33,40.0,female,False,47.0,4.59,seal,colorpoint,blue,FALSE,dry,27.0,17.0,USA
Ragdoll,3.33,40.0,male,True,53.0,6.67,seal,colorpoint,blue,FALSE,dry,24.0,15.0,USA
Ragdoll,3.33,40.0,female,False,50.0,4.88,seal,colorpoint,green,TRUE,dry,27.0,15.0,USA
Ragdoll,3.33,40.0,female,False,39.0,4.72,seal,tortie,blue,FALSE,wet,31.0,16.0,USA
Ragdoll,3.33,40.0,female,True,42.0,6.07,seal,bicolor,blue,FALSE,wet,30.0,15.0,USA
Ragdoll,3.33,40.0,male,True,43.0,7.65,seal,colorpoint,blue,FALSE,dry,35.0,15.0,USA
Ragdoll,3.42,41.0,male,False,50.0,6.83,seal,colorpoint,blue,FALSE,dry,7.0,15.0,USA
Ragdoll,3.42,41.0,male,True,29.0,8.5,cream,colorpoint,blue,FALSE,wet,22.0,15.0,USA
Ragdoll,3.5,42.0,female,False,47.0,5.36,seal,colorpoint,green,FALSE,wet,9.0,15.0,USA
Ragdoll,3.5,42.0,male,False,46.0,6.79,brown,colorpoint,blue,FALSE,wet,4.0,15.0,USA
Ragdoll,3.5,42.0,male,True,51.0,7.32,cream,colorpoint,blue,FALSE,wet,22.0,15.0,USA
Ragdoll,3.5,42.0,female,False,40.0,4.69,seal,colorpoint,green,FALSE,dry,17.0,15.0,France
Ragdoll,3.58,43.0,male,True,43.0,6.68,seal,colorpoint,blue,TRUE,dry,25.0,17.0,France
Ragdoll,3.58,43.0,female,True,48.0,3.98,seal,colorpoint,blue,FALSE,dry,31.0,15.0,France
Ragdoll,3.58,43.0,male,False,50.0,8.02,brown,colorpoint,blue,FALSE,wet,13.0,15.0,France
Ragdoll,3.58,43.0,male,True,51.0,8.33,seal,colorpoint,green,FALSE,wet,18.0,16.0,France
Ragdoll,3.58,43.0,male,True,45.0,6.79,cream,colorpoint,blue,FALSE,wet,3.0,15.0,France
Ragdoll,3.67,44.0,female,False,41.0,6.32,seal,colorpoint,green,FALSE,wet,9.0,17.0,France
Ragdoll,3.67,44.0,female,True,38.0,4.26,seal,colorpoint,blue,FALSE,wet,23.0,16.0,France
Ragdoll,3.67,44.0,female,False,44.0,4.91,brown,colorpoint,blue,FALSE,wet,6.0,15.0,France
Ragdoll,3.75,45.0,male,True,42.0,6.76,seal,colorpoint,blue,FALSE,wet,4.0,17.0,France
Ragdoll,3.75,45.0,male,True,49.0,5.6,cream,bicolor,blue,FALSE,wet,31.0,15.0,France
Ragdoll,3.83,46.0,male,False,53.0,7.54,seal,colorpoint,blue,FALSE,dry,6.0,15.0,USA
Ragdoll,3.83,46.0,male,True,45.0,7.93,brown,colorpoint,blue,FALSE,wet,29.0,16.0,USA
Ragdoll,3.83,46.0,female,True,45.0,5.22,seal,colorpoint,green,FALSE,dry,29.0,15.0,USA
Ragdoll,3.83,46.0,male,True,46.0,8.6,cream,bicolor,blue,TRUE,wet,13.0,17.0,USA
Ragdoll,3.83,46.0,female,False,40.0,3.74,seal,tortie,blue,FALSE,wet,16.0,16.0,USA
Ragdoll,3.83,46.0,female,True,40.0,6.89,seal,colorpoint,blue,FALSE,dry,7.0,15.0,USA
Ragdoll,3.92,47.0,male,True,46.0,8.13,seal,colorpoint,green,FALSE,wet,21.0,17.0,USA
Ragdoll,3.92,47.0,male,True,46.0,7.33,seal,colorpoint,green,FALSE,wet,4.0,15.0,USA
Ragdoll,3.92,47.0,female,False,38.0,5.81,seal,colorpoint,amber,FALSE,wet,21.0,12.0,USA
Ragdoll,4.0,48.0,female,True,43.903435468895076,5.740900649953575,seal,colorpoint,blue,FALSE,wet,13.0,12.0,USA
Ragdoll,4.08,49.0,male,True,43.903435468895076,5.740900649953575,seal,colorpoint,blue,FALSE,wet,29.0,16.0,USA
Ragdoll,4.08,49.0,male,True,43.903435468895076,5.740900649953575,seal,colorpoint,blue,FALSE,wet,5.0,17.0,USA
Ragdoll,4.17,50.0,female,True,43.903435468895076,5.740900649953575,seal,colorpoint,blue,FALSE,wet,19.0,12.0,USA
Ragdoll,4.25,51.0,male,True,43.903435468895076,5.740900649953575,seal,colorpoint,blue,TRUE,dry,30.0,16.0,USA
Ragdoll,4.33,52.0,male,True,43.903435468895076,5.740900649953575,seal,colorpoint,green,FALSE,wet,32.0,16.0,USA
Ragdoll,4.33,52.0,male,False,43.903435468895076,5.740900649953575,cream,colorpoint,blue,FALSE,wet,33.0,12.0,USA
Ragdoll,4.33,52.0,male,False,43.903435468895076,5.740900649953575,seal,colorpoint,blue,FALSE,dry,18.0,15.0,USA
Ragdoll,4.42,53.0,male,True,53.0,5.7,cream,bicolor,blue,FALSE,dry,17.0,16.0,USA
Ragdoll,4.42,53.0,female,False,46.0,4.75,brown,colorpoint,blue,FALSE,dry,8.0,12.0,USA
Ragdoll,4.42,53.0,female,False,44.0,5.56,seal,colorpoint,blue,FALSE,wet,7.0,12.0,USA
Ragdoll,4.42,53.0,female,False,50.0,5.09,seal,bicolor,green,FALSE,wet,13.0,12.0,USA
Ragdoll,4.5,54.0,female,True,40.0,6.93,seal,colorpoint,blue,FALSE,wet,3.0,12.0,USA
Ragdoll,4.5,54.0,female,False,45.0,6.47,seal,colorpoint,blue,FALSE,wet,20.0,16.0,USA
Ragdoll,4.5,54.0,female,False,41.0,5.38,seal,colorpoint,blue,FALSE,wet,9.0,17.0,USA
Ragdoll,4.58,55.0,female,False,46.0,5.5,brown,bicolor,green,FALSE,wet,14.0,16.0,USA
Ragdoll,4.58,55.0,male,True,50.0,8.46,seal,colorpoint,green,TRUE,wet,28.0,17.0,USA
Ragdoll,4.58,55.0,male,True,46.0,8.05,seal,mitted,blue,FALSE,wet,25.0,16.0,USA
Ragdoll,4.58,55.0,female,True,38.0,5.71,cream,tortie,blue,FALSE,wet,27.0,12.0,USA
Ragdoll,4.58,55.0,male,True,47.0,8.38,seal,colorpoint,blue,FALSE,wet,15.0,12.0,USA
Ragdoll,4.58,55.0,female,True,39.0,4.23,seal,colorpoint,blue,FALSE,wet,18.0,12.0,USA
Ragdoll,4.58,55.0,male,False,46.0,6.18,seal,colorpoint,blue,FALSE,wet,12.0,12.0,USA
Ragdoll,4.67,56.0,male,True,57.0,8.54,seal,colorpoint,blue,FALSE,dry,22.0,12.0,USA
Ragdoll,4.67,56.0,male,True,44.0,6.27,seal,colorpoint,green,FALSE,wet,7.0,12.0,USA
Ragdoll,4.67,56.0,female,False,48.0,5.81,seal,colorpoint,blue,FALSE,wet,17.0,12.0,USA
Ragdoll,4.75,57.0,female,False,42.0,5.49,seal,colorpoint,blue,FALSE,dry,11.0,16.0,USA
Ragdoll,4.75,57.0,male,True,44.0,5.73,seal,colorpoint,blue,FALSE,wet,27.0,15.0,USA
Ragdoll,4.83,58.0,female,True,40.0,4.44,seal,colorpoint,green,FALSE,wet,36.0,12.0,USA
Ragdoll,4.83,58.0,male,True,52.0,7.72,cream,colorpoint,blue,FALSE,wet,0.0,12.0,USA
Ragdoll,4.83,58.0,male,False,43.0,6.95,cream,bicolor,blue,FALSE,wet,11.0,12.0,USA
Ragdoll,4.83,58.0,male,False,57.0,7.98,seal,colorpoint,blue,FALSE,dry,31.0,12.0,USA
Ragdoll,4.83,58.0,female,True,44.0,4.21,brown,colorpoint,green,FALSE,wet,35.0,12.0,USA
Ragdoll,4.83,58.0,male,True,51.0,8.14,seal,colorpoint,green,FALSE,dry,6.0,12.0,USA
Ragdoll,4.92,59.0,female,True,38.0,6.21,seal,colorpoint,blue,FALSE,wet,27.0,16.0,USA
Ragdoll,4.92,59.0,male,True,43.903435468895076,5.740900649953575,seal,solid,blue,FALSE,wet,14.0,12.0,USA
Ragdoll,4.92,59.0,male,True,43.903435468895076,5.740900649953575,seal,solid,blue,FALSE,dry,36.0,12.0,USA
Ragdoll,4.92,59.0,male,True,43.903435468895076,5.740900649953575,seal,solid,blue,FALSE,wet,14.0,12.0,USA
Ragdoll,4.92,59.0,male,True,43.903435468895076,5.740900649953575,seal,solid,blue,FALSE,wet,14.0,15.0,USA
Ragdoll,5.08,61.0,female,False,40.0,4.16,brown,colorpoint,green,FALSE,wet,32.0,16.0,USA
Ragdoll,5.08,61.0,female,False,44.0,6.75,seal,colorpoint,blue,FALSE,dry,9.0,15.0,USA
Ragdoll,5.08,61.0,female,True,48.0,6.71,seal,colorpoint,blue,FALSE,wet,7.0,15.0,USA
Ragdoll,5.17,62.0,male,True,51.0,7.78,cream,colorpoint,blue,FALSE,wet,6.0,16.0,USA
Ragdoll,5.17,62.0,male,False,49.0,7.06,cream,colorpoint,blue,FALSE,dry,12.0,12.0,USA
Ragdoll,5.17,62.0,female,True,50.0,5.59,seal,colorpoint,green,FALSE,wet,10.0,17.0,USA
Ragdoll,5.25,63.0,female,False,50.0,4.88,brown,colorpoint,blue,FALSE,dry,33.0,12.0,USA
Ragdoll,5.25,63.0,male,True,45.0,5.97,seal,colorpoint,blue,FALSE,dry,30.0,12.0,USA
Ragdoll,5.42,65.0,male,True,61.0,9.19,seal,colorpoint,blue,FALSE,dry,11.0,12.0,USA
Ragdoll,5.5,66.0,male,False,45.0,6.63,seal,colorpoint,blue,FALSE,dry,23.0,12.0,USA
Ragdoll,5.5,66.0,male,True,48.0,8.74,seal,colorpoint,green,FALSE,wet,10.0,12.0,USA
Ragdoll,5.5,66.0,male,True,47.0,7.43,cream,bicolor,blue,FALSE,dry,20.0,15.0,USA
Ragdoll,5.58,67.0,male,False,52.0,7.3,cream,bicolor,green,FALSE,wet,1.0,15.0,Germany
Ragdoll,5.58,67.0,male,True,48.0,6.17,seal,colorpoint,blue,FALSE,wet,17.0,15.0,Germany
Ragdoll,5.58,67.0,female,False,42.0,6.52,seal,colorpoint,blue,FALSE,wet,9.0,17.0,Germany
Ragdoll,5.58,67.0,male,False,52.0,7.55,seal,colorpoint,blue,FALSE,wet,26.0,12.0,Germany
Ragdoll,5.58,67.0,male,True,46.0,6.17,seal,colorpoint,blue,FALSE,wet,15.0,12.0,Germany
Ragdoll,5.67,68.0,female,False,43.0,5.58,seal,colorpoint,blue,FALSE,wet,24.0,12.0,Germany
Ragdoll,5.67,68.0,female,True,43.0,7.21,seal,colorpoint,green,FALSE,wet,3.0,15.0,Germany
Ragdoll,5.67,68.0,male,False,46.0,5.62,cream,colorpoint,blue,FALSE,wet,32.0,12.0,Germany
Ragdoll,5.67,68.0,male,False,52.0,5.94,cream,colorpoint,blue,FALSE,wet,30.0,12.0,Germany
Ragdoll,5.67,68.0,male,True,45.0,5.87,seal,colorpoint,blue,FALSE,wet,14.0,12.0,Germany
Ragdoll,5.67,68.0,female,True,41.0,4.95,seal,colorpoint,blue,FALSE,wet,9.0,12.0,USA
Ragdoll,5.67,68.0,male,True,53.0,7.12,cream,colorpoint,blue,TRUE,wet,24.0,17.0,USA
Ragdoll,5.67,68.0,female,True,40.0,5.49,seal,colorpoint,blue,FALSE,dry,26.0,12.0,USA
Ragdoll,5.75,69.0,male,False,48.0,5.73,seal,colorpoint,blue,FALSE,wet,10.0,12.0,USA
Ragdoll,5.75,69.0,male,True,43.0,7.13,seal,bicolor,amber,FALSE,wet,12.0,12.0,USA
Ragdoll,5.83,70.0,female,True,39.0,6.9,seal,mitted,blue,FALSE,wet,2.0,16.0,USA
Ragdoll,5.83,70.0,male,True,44.0,8.59,seal,colorpoint,blue,FALSE,wet,10.0,12.0,USA
Ragdoll,5.83,70.0,female,False,45.0,7.08,lilac,colorpoint,blue,FALSE,wet,9.0,12.0,USA
Ragdoll,6.0,72.0,female,True,42.0,6.69,brown,colorpoint,blue,FALSE,wet,9.0,16.0,USA
Ragdoll,6.0,72.0,female,False,45.0,3.73,cream,mitted,blue,FALSE,wet,15.0,16.0,USA
Ragdoll,6.0,72.0,male,True,44.0,5.71,seal,colorpoint,blue,FALSE,wet,28.0,15.0,USA
Ragdoll,6.0,72.0,male,True,48.0,8.97,seal,colorpoint,blue,FALSE,wet,17.0,12.0,USA
Ragdoll,6.0,72.0,female,False,38.0,3.86,seal,colorpoint,green,FALSE,wet,23.0,16.0,USA
Ragdoll,6.08,73.0,female,True,45.0,5.84,seal,colorpoint,blue,FALSE,wet,30.0,12.0,USA
Ragdoll,6.08,73.0,male,True,51.0,7.25,cream,colorpoint,blue,FALSE,wet,18.0,16.0,USA
Ragdoll,6.08,73.0,female,False,36.0,5.43,seal,colorpoint,blue,FALSE,wet,4.0,12.0,USA
Ragdoll,6.08,73.0,female,True,45.0,6.06,seal,colorpoint,blue,FALSE,wet,31.0,17.0,USA
Ragdoll,6.08,73.0,female,True,42.0,4.62,seal,colorpoint,blue,FALSE,wet,11.0,15.0,USA
Ragdoll,6.08,73.0,female,True,40.0,5.01,seal,colorpoint,green,FALSE,wet,15.0,16.0,USA
Ragdoll,6.08,73.0,male,False,43.0,6.22,seal,bicolor,blue,FALSE,wet,20.0,15.0,USA
Ragdoll,0.17,2.04,female,True,41.0,6.47,seal,colorpoint,blue,FALSE,dry,18.0,12.0,USA
Ragdoll,0.17,2.04,male,True,43.0,8.27,brown,colorpoint,blue,FALSE,wet,5.0,17.0,UK
Ragdoll,0.17,2.04,male,False,51.0,7.25,seal,colorpoint,blue,FALSE,wet,15.0,12.0,UK
Ragdoll,0.17,2.04,female,True,40.0,6.84,seal,bicolor,blue,FALSE,dry,9.0,17.0,UK
Ragdoll,6.25,75.0,female,False,48.0,5.26,cream,colorpoint,blue,FALSE,dry,27.0,12.0,UK
Ragdoll,6.25,75.0,female,False,50.0,3.99,seal,colorpoint,blue,FALSE,wet,10.0,16.0,UK
Ragdoll,6.25,75.0,male,True,44.0,8.22,seal,colorpoint,blue,FALSE,wet,23.0,17.0,UK
Ragdoll,6.25,75.0,male,False,44.0,7.43,seal,bicolor,green,FALSE,wet,12.0,12.0,UK
Ragdoll,6.25,75.0,female,False,48.0,6.29,seal,colorpoint,blue,TRUE,dry,10.0,12.0,UK
Ragdoll,6.25,75.0,male,True,47.0,6.21,seal,colorpoint,blue,FALSE,dry,27.0,12.0,UK
Ragdoll,6.33,76.0,female,True,38.0,5.6,seal,tortie,blue,FALSE,wet,18.0,17.0,UK
Ragdoll,6.33,76.0,female,False,47.0,6.89,seal,colorpoint,blue,FALSE,dry,9.0,12.0,UK
Ragdoll,6.5,78.0,female,True,46.0,6.21,seal,colorpoint,blue,FALSE,dry,27.0,12.0,UK
Ragdoll,6.5,78.0,male,True,46.0,7.54,seal,mitted,green,FALSE,wet,1.0,12.0,UK
Ragdoll,6.5,78.0,female,True,38.0,6.93,brown,tortie,blue,FALSE,wet,5.0,12.0,USA
Ragdoll,6.5,78.0,male,True,51.0,7.31,seal,colorpoint,blue,FALSE,wet,22.0,17.0,USA
Ragdoll,6.58,79.0,female,True,48.0,6.53,seal,tortie,blue,FALSE,dry,19.0,12.0,USA
Ragdoll,6.58,79.0,female,True,38.0,6.25,seal,colorpoint,blue,FALSE,wet,18.0,17.0,USA
Ragdoll,6.67,80.0,female,False,46.0,6.6,seal,bicolor,blue,FALSE,wet,3.0,12.0,Germany
Ragdoll,6.67,80.0,male,True,44.0,6.27,brown,colorpoint,blue,FALSE,wet,7.0,12.0,Germany
Ragdoll,6.75,81.0,male,True,53.0,7.92,cream,bicolor,green,FALSE,wet,18.0,12.0,Germany
Ragdoll,6.75,81.0,female,True,44.0,4.41,seal,colorpoint,blue,FALSE,wet,6.0,17.0,Germany
Ragdoll,6.83,82.0,female,False,49.0,4.08,lilac,colorpoint,blue,FALSE,wet,33.0,12.0,Germany
Ragdoll,6.92,83.0,male,True,45.0,7.67,seal,colorpoint,blue,FALSE,wet,26.0,15.0,Germany
Ragdoll,7.0,84.0,male,True,48.0,8.23,seal,colorpoint,blue,FALSE,wet,28.0,12.0,Germany
Ragdoll,7.0,84.0,female,False,40.0,5.79,seal,tortie,blue,FALSE,wet,5.0,15.0,Germany
Ragdoll,7.0,84.0,male,True,52.0,7.22,seal,colorpoint,green,FALSE,wet,13.0,17.0,Germany
Ragdoll,7.08,85.0,male,True,48.0,7.18,brown,colorpoint,blue,FALSE,wet,21.0,17.0,USA
Ragdoll,7.08,85.0,male,True,45.0,8.18,seal,colorpoint,blue,FALSE,wet,25.0,21.0,USA
Ragdoll,7.08,85.0,female,False,48.0,3.92,seal,mitted,blue,FALSE,dry,9.0,17.0,USA
Ragdoll,7.08,85.0,female,True,31.0,5.28,brown,colorpoint,blue,FALSE,wet,7.0,16.0,USA
Ragdoll,7.17,86.0,female,False,46.0,5.04,seal,colorpoint,blue,FALSE,wet,34.0,19.0,USA
Ragdoll,7.17,86.0,male,True,43.0,9.0,brown,bicolor,blue,FALSE,wet,5.0,20.0,USA
Ragdoll,7.25,87.0,male,False,50.0,6.34,cream,colorpoint,blue,TRUE,wet,23.0,16.0,USA
Ragdoll,7.25,87.0,male,True,43.0,5.84,seal,colorpoint,green,FALSE,dry,23.0,16.0,USA
Ragdoll,7.25,87.0,female,False,50.0,3.66,seal,colorpoint,blue,FALSE,wet,23.0,16.0,USA
Ragdoll,7.33,88.0,female,True,38.0,6.24,brown,mitted,blue,FALSE,wet,23.0,16.0,USA
Ragdoll,7.33,88.0,male,True,58.0,8.29,seal,colorpoint,blue,FALSE,wet,23.0,16.0,USA
Ragdoll,7.33,88.0,male,True,47.0,8.95,seal,colorpoint,blue,FALSE,wet,21.0,18.0,USA
Ragdoll,7.5,90.0,male,False,51.0,6.74,seal,colorpoint,blue,FALSE,wet,24.0,15.0,USA
Ragdoll,7.5,90.0,female,True,50.0,4.39,seal,colorpoint,blue,FALSE,wet,9.0,19.0,USA
Ragdoll,7.5,90.0,male,False,49.0,7.25,seal,colorpoint,blue,FALSE,dry,12.0,17.0,USA
Ragdoll,7.58,91.0,male,True,45.0,6.31,seal,colorpoint,blue,FALSE,wet,34.0,19.0,USA
Ragdoll,7.58,91.0,male,True,47.0,5.79,seal,colorpoint,blue,FALSE,wet,16.0,21.0,USA
Ragdoll,7.58,91.0,male,True,47.0,7.73,seal,colorpoint,green,FALSE,dry,10.0,16.0,USA
Ragdoll,7.58,91.0,male,True,43.0,7.08,seal,colorpoint,blue,FALSE,wet,3.0,15.0,Canada
Ragdoll,7.58,91.0,male,True,49.0,7.91,seal,colorpoint,green,FALSE,wet,26.0,18.0,Canada
Ragdoll,7.67,92.0,female,True,50.0,5.04,cream,colorpoint,blue,FALSE,wet,7.0,19.0,Canada
Ragdoll,7.67,92.0,male,False,45.0,7.03,seal,colorpoint,blue,FALSE,wet,21.0,19.0,Canada
Ragdoll,7.67,92.0,female,True,49.0,4.87,seal,colorpoint,blue,TRUE,wet,29.0,18.0,Canada
Ragdoll,7.67,92.0,male,True,62.0,7.2,brown,bicolor,green,FALSE,wet,13.0,17.0,Canada
Ragdoll,7.67,92.0,female,True,48.0,6.75,brown,colorpoint,blue,FALSE,dry,27.0,20.0,Canada
Ragdoll,7.67,92.0,male,True,49.0,7.24,cream,colorpoint,blue,FALSE,wet,23.0,17.0,Canada
Ragdoll,7.75,93.0,male,True,49.0,7.36,seal,colorpoint,blue,FALSE,wet,14.0,19.0,Canada
Ragdoll,7.75,93.0,female,False,47.0,5.91,seal,colorpoint,blue,FALSE,wet,28.0,21.0,Canada
Ragdoll,7.75,93.0,male,True,43.0,8.89,seal,bicolor,blue,FALSE,wet,27.0,19.0,Canada
Ragdoll,7.75,93.0,male,True,63.0,8.68,cream,bicolor,green,FALSE,wet,5.0,16.0,Canada
Ragdoll,7.75,93.0,female,True,38.0,5.52,seal,colorpoint,blue,FALSE,wet,13.0,16.0,Canada
Ragdoll,7.75,93.0,male,False,48.0,7.72,seal,bicolor,blue,FALSE,wet,26.0,17.0,Canada
Ragdoll,7.83,94.0,female,False,44.0,7.07,brown,colorpoint,blue,FALSE,dry,2.0,15.0,Canada
Ragdoll,7.83,94.0,male,True,50.0,6.42,brown,bicolor,green,FALSE,wet,13.0,18.0,USA
Ragdoll,7.83,94.0,female,True,38.0,6.2,seal,colorpoint,blue,FALSE,wet,0.0,18.0,USA
Ragdoll,7.92,95.0,female,False,48.0,4.65,brown,colorpoint,blue,FALSE,wet,18.0,16.0,USA
Ragdoll,7.92,95.0,male,False,49.0,6.28,seal,colorpoint,green,FALSE,wet,34.0,18.0,USA
Ragdoll,8.0,96.0,male,True,45.0,7.67,seal,colorpoint,blue,FALSE,wet,15.0,20.0,USA
Ragdoll,8.0,96.0,male,True,46.0,7.62,brown,colorpoint,blue,FALSE,wet,19.0,18.0,USA
Ragdoll,8.0,96.0,female,True,41.0,5.77,seal,colorpoint,blue,FALSE,wet,30.0,19.0,USA
Ragdoll,8.0,96.0,male,True,48.0,6.58,seal,colorpoint,blue,FALSE,dry,18.0,16.0,USA
Ragdoll,7.83,94.0,female,True,45.0,3.98,seal,colorpoint,blue,FALSE,dry,19.0,21.0,USA
Ragdoll,8.0,96.0,female,True,48.0,4.28,seal,bicolor,blue,FALSE,wet,31.0,16.0,USA
Ragdoll,8.08,97.0,male,False,51.0,7.66,seal,colorpoint,blue,FALSE,wet,10.0,19.0,USA
Ragdoll,7.92,95.0,female,True,47.0,6.73,seal,colorpoint,green,FALSE,wet,27.0,15.0,USA
Ragdoll,8.08,97.0,male,True,47.0,8.41,cream,colorpoint,blue,FALSE,dry,10.0,19.0,USA
Ragdoll,8.17,98.0,female,True,38.0,6.99,seal,tortie,blue,FALSE,dry,2.0,16.0,USA
Ragdoll,8.17,98.0,male,False,53.0,8.38,seal,colorpoint,blue,FALSE,wet,28.0,20.0,USA
Ragdoll,8.17,98.0,male,True,44.0,8.59,seal,colorpoint,blue,FALSE,wet,36.0,19.0,USA
Ragdoll,8.17,98.0,male,False,48.0,5.74,seal,colorpoint,blue,FALSE,dry,22.0,20.0,USA
Ragdoll,8.17,98.0,female,False,44.0,6.16,brown,colorpoint,blue,FALSE,dry,28.0,20.0,USA
Ragdoll,8.17,98.0,male,True,50.0,8.7,cream,colorpoint,blue,FALSE,wet,8.0,19.0,USA
Ragdoll,8.25,99.0,male,True,46.0,9.07,seal,colorpoint,blue,FALSE,dry,7.0,16.0,USA
Ragdoll,8.25,99.0,female,True,39.0,5.03,seal,bicolor,blue,FALSE,wet,10.0,19.0,USA
Ragdoll,8.25,99.0,male,True,44.0,6.76,seal,colorpoint,green,FALSE,wet,26.0,19.0,USA
Ragdoll,8.42,101.0,male,False,53.0,5.99,seal,colorpoint,blue,FALSE,dry,13.0,17.0,USA
Ragdoll,8.42,101.0,female,True,41.0,5.7,brown,colorpoint,blue,FALSE,dry,29.0,20.0,USA
Ragdoll,8.5,102.0,female,True,47.0,5.86,brown,colorpoint,blue,FALSE,dry,9.0,20.0,USA
Ragdoll,8.5,102.0,male,True,45.0,8.45,seal,colorpoint,blue,FALSE,wet,21.0,20.0,USA
Ragdoll,8.5,102.0,male,True,52.0,8.33,seal,colorpoint,blue,FALSE,wet,22.0,17.0,USA
Ragdoll,8.58,103.0,female,False,50.0,5.51,seal,colorpoint,blue,FALSE,wet,32.0,18.0,USA
Ragdoll,8.58,103.0,female,True,44.0,5.7,seal,colorpoint,blue,FALSE,wet,12.0,20.0,USA
Ragdoll,8.58,103.0,male,False,46.0,6.61,brown,colorpoint,blue,FALSE,wet,14.0,19.0,USA
Ragdoll,8.58,103.0,male,False,53.0,6.37,brown,colorpoint,green,FALSE,wet,34.0,18.0,USA
Ragdoll,4.58,55.0,female,True,46.0,4.37,seal,tortie,blue,FALSE,wet,13.0,12.0,USA
Ragdoll,8.67,104.0,female,True,48.0,6.46,seal,tortie,blue,FALSE,wet,20.0,18.0,USA
Ragdoll,8.75,105.0,female,False,43.0,6.1,seal,colorpoint,blue,FALSE,wet,15.0,20.0,USA
Ragdoll,8.75,105.0,male,False,50.0,6.79,seal,colorpoint,blue,FALSE,wet,33.0,21.0,USA
Ragdoll,4.5,54.0,female,True,45.0,4.33,seal,tortie,blue,FALSE,wet,26.0,15.0,USA
Ragdoll,8.75,105.0,female,True,38.0,6.04,seal,colorpoint,blue,TRUE,wet,30.0,19.0,USA
Ragdoll,8.75,105.0,female,False,43.0,6.4,seal,colorpoint,blue,FALSE,wet,18.0,18.0,USA
Ragdoll,5.58,67.0,female,False,45.0,4.31,seal,colorpoint,blue,FALSE,dry,16.0,12.0,USA
Ragdoll,8.83,106.0,female,False,41.0,5.72,seal,bicolor,blue,FALSE,wet,11.0,20.0,USA
Ragdoll,8.92,107.0,male,True,44.0,5.82,seal,colorpoint,blue,FALSE,wet,25.0,20.0,USA
Ragdoll,8.92,107.0,male,True,52.0,7.18,cream,colorpoint,blue,FALSE,wet,19.0,19.0,USA
Ragdoll,8.92,107.0,male,True,55.0,9.13,seal,colorpoint,green,FALSE,wet,15.0,18.0,USA
Ragdoll,8.92,107.0,female,False,43.0,6.82,seal,colorpoint,blue,FALSE,wet,13.0,18.0,USA
Ragdoll,9.0,108.0,male,True,45.0,6.66,seal,bicolor,blue,FALSE,wet,8.0,19.0,USA
Ragdoll,9.0,108.0,male,False,52.0,7.99,cream,colorpoint,blue,FALSE,wet,25.0,17.0,USA
Ragdoll,9.0,108.0,female,False,47.0,6.36,seal,colorpoint,blue,FALSE,wet,30.0,19.0,USA
Ragdoll,9.0,108.0,male,True,43.0,6.42,cream,colorpoint,blue,FALSE,wet,20.0,17.0,USA
Ragdoll,9.08,109.0,male,False,46.0,5.72,seal,colorpoint,blue,FALSE,wet,21.0,18.0,USA
Ragdoll,5.08,61.0,female,True,38.0,4.37,seal,tortie,green,FALSE,wet,18.0,17.0,USA
Ragdoll,9.08,109.0,male,True,47.0,7.91,seal,colorpoint,blue,FALSE,dry,8.0,20.0,USA
Ragdoll,9.08,109.0,male,False,46.0,6.15,brown,colorpoint,blue,FALSE,wet,13.0,21.0,USA
Ragdoll,9.17,110.0,female,True,49.0,5.73,cream,colorpoint,blue,FALSE,wet,30.0,17.0,USA
Ragdoll,9.17,110.0,male,True,46.0,5.84,seal,colorpoint,blue,FALSE,wet,23.0,18.0,USA
Ragdoll,9.17,110.0,male,True,50.0,7.52,brown,colorpoint,green,FALSE,wet,29.0,18.0,USA
Ragdoll,2.67,32.0,female,False,38.0,4.59,seal,colorpoint,blue,FALSE,wet,8.0,12.0,USA
Ragdoll,9.25,111.0,female,False,48.0,3.71,seal,bicolor,blue,FALSE,wet,15.0,18.0,USA
Ragdoll,9.25,111.0,female,False,48.0,6.11,seal,colorpoint,green,FALSE,dry,14.0,20.0,USA
Ragdoll,9.25,111.0,male,True,47.0,8.61,seal,colorpoint,blue,FALSE,dry,6.0,17.0,USA
Ragdoll,9.25,111.0,female,True,48.0,5.49,seal,colorpoint,blue,FALSE,dry,28.0,20.0,USA
Ragdoll,9.33,112.0,male,False,50.0,7.16,brown,colorpoint,blue,FALSE,wet,27.0,19.0,USA
Ragdoll,5.58,67.0,female,False,49.0,4.57,seal,colorpoint,blue,FALSE,wet,29.0,16.0,USA
Ragdoll,9.33,112.0,female,True,39.0,6.15,seal,colorpoint,blue,FALSE,wet,13.0,19.0,USA
Ragdoll,9.33,112.0,female,True,47.0,7.34,lilac,colorpoint,blue,FALSE,wet,11.0,16.0,USA
Ragdoll,9.42,113.0,male,True,46.0,8.17,brown,colorpoint,blue,FALSE,wet,22.0,16.0,USA
Ragdoll,9.42,113.0,female,True,38.0,6.38,seal,colorpoint,blue,FALSE,wet,38.0,21.0,USA
Ragdoll,9.42,113.0,male,True,43.903435468895076,5.740900649953575,seal,solid,blue,FALSE,wet,27.0,17.0,USA
Ragdoll,9.42,113.0,male,True,54.0,9.15,seal,colorpoint,green,FALSE,wet,6.0,18.0,USA
Ragdoll,9.5,114.0,female,True,48.0,4.76,seal,colorpoint,blue,FALSE,wet,13.0,19.0,USA
Ragdoll,5.17,62.0,female,False,40.0,4.07,seal,colorpoint,blue,FALSE,wet,22.0,15.0,USA
Ragdoll,9.5,114.0,male,True,58.0,9.06,cream,colorpoint,blue,FALSE,wet,0.0,18.0,USA
Ragdoll,9.5,114.0,male,False,53.0,7.09,seal,colorpoint,green,FALSE,wet,21.0,20.0,USA
Ragdoll,9.58,115.0,male,True,51.0,7.7,cream,colorpoint,blue,FALSE,wet,23.0,19.0,USA
Ragdoll,9.58,115.0,male,True,46.0,5.87,cream,colorpoint,blue,FALSE,dry,29.0,19.0,USA
Ragdoll,9.58,115.0,male,False,50.0,6.91,seal,colorpoint,blue,FALSE,wet,30.0,16.0,USA
Ragdoll,9.58,115.0,male,True,48.0,8.58,seal,colorpoint,green,FALSE,dry,18.0,21.0,USA
Ragdoll,4.0,48.0,female,True,44.0,3.91,seal,bicolor,blue,FALSE,dry,36.0,17.0,USA
Ragdoll,9.67,116.0,male,True,43.0,9.33,seal,colorpoint,blue,FALSE,wet,14.0,16.0,USA
Ragdoll,9.67,116.0,female,True,38.0,6.37,seal,colorpoint,blue,FALSE,wet,31.0,19.0,USA
Ragdoll,9.67,116.0,female,True,42.0,6.31,seal,colorpoint,blue,FALSE,wet,16.0,17.0,USA
Ragdoll,9.75,117.0,male,False,47.0,6.0,seal,colorpoint,green,FALSE,dry,24.0,17.0,USA
Ragdoll,4.67,56.0,female,False,47.0,5.0,seal,mitted,blue,FALSE,wet,8.0,12.0,USA
Ragdoll,5.58,67.0,female,False,35.0,5.59,brown,tortie,blue,FALSE,wet,11.0,17.0,USA
Ragdoll,9.83,118.0,male,False,56.0,8.4,seal,colorpoint,blue,FALSE,wet,18.0,19.0,USA
Ragdoll,9.83,118.0,male,True,45.0,9.08,seal,colorpoint,green,FALSE,wet,24.0,17.0,USA
Ragdoll,9.83,118.0,female,True,41.0,5.76,lilac,colorpoint,blue,FALSE,wet,19.0,16.0,USA
Ragdoll,9.83,118.0,female,True,44.0,6.25,seal,colorpoint,blue,FALSE,wet,18.0,19.0,USA
Ragdoll,4.67,56.0,female,True,49.0,4.62,seal,colorpoint,blue,TRUE,wet,24.0,12.0,USA
Ragdoll,4.67,56.0,female,True,42.0,3.74,seal,colorpoint,blue,FALSE,wet,24.0,12.0,USA
Ragdoll,10.83,130.0,female,True,41.0,6.51,seal,colorpoint,blue,FALSE,dry,31.0,18.0,USA
Ragdoll,9.92,119.0,female,True,33.0,6.07,seal,colorpoint,green,FALSE,dry,4.0,19.0,USA
Ragdoll,3.08,37.0,female,True,45.0,4.06,cream,bicolor,blue,FALSE,wet,16.0,15.0,USA
Ragdoll,10.5,126.0,female,True,43.0,5.58,seal,bicolor,blue,FALSE,wet,0.0,19.0,USA
Ragdoll,10.0,120.0,male,True,48.0,7.59,brown,colorpoint,blue,FALSE,dry,16.0,16.0,USA
Ragdoll,0.08,1.0,male,False,11.0,0.6,seal,colorpoint,blue,FALSE,wet,20.0,21.0,USA
Ragdoll,0.08,1.0,male,False,12.0,0.8,seal,colorpoint,blue,FALSE,wet,31.0,20.0,USA
Ragdoll,0.08,1.0,male,False,11.0,0.7,seal,colorpoint,blue,FALSE,dry,40.0,19.0,USA
Ragdoll,0.08,1.0,male,False,12.0,0.9,seal,colorpoint,blue,FALSE,wet,29.0,20.0,USA
Ragdoll,0.08,1.0,male,False,12.0,0.6,seal,colorpoint,blue,FALSE,wet,30.0,22.0,USA
Ragdoll,0.17,2.0,female,False,14.0,0.9,seal,colorpoint,blue,FALSE,wet,20.0,18.0,USA
Ragdoll,0.08,1.0,male,False,10.0,0.8,cream,bicolor,blue,TRUE,dry,26.0,21.0,USA
Ragdoll,0.17,2.0,female,False,14.0,1.3,cream,bicolor,blue,FALSE,wet,21.0,20.0,USA
Ragdoll,0.08,1.0,female,False,11.0,0.9,cream,bicolor,blue,FALSE,wet,23.0,21.0,USA
Ragdoll,0.08,1.0,male,False,15.0,0.8,cream,bicolor,blue,FALSE,dry,34.0,21.0,USA
Ragdoll,0.08,1.0,female,False,10.0,0.8,cream,tortie,blue,FALSE,wet,39.0,21.0,USA
Ragdoll,0.17,2.0,female,False,14.0,1.1,brown,colorpoint,blue,FALSE,wet,35.0,18.0,USA
Ragdoll,0.08,1.0,male,False,15.0,0.8,brown,colorpoint,blue,FALSE,dry,39.0,22.0,USA
Ragdoll,0.08,1.0,male,False,10.0,0.9,cream,colorpoint,blue,FALSE,wet,31.0,20.0,USA
Ragdoll,0.17,2.0,female,False,13.0,0.8,cream,colorpoint,blue,FALSE,wet,30.0,18.0,USA
Ragdoll,0.08,1.0,female,False,13.0,0.7,cream,colorpoint,blue,FALSE,wet,37.0,22.0,USA
Ragdoll,0.17,2.0,female,False,16.0,0.8,cream,colorpoint,blue,TRUE,wet,34.0,18.0,USA
Ragdoll,0.17,2.0,female,False,16.0,1.1,cream,tortie,blue,FALSE,dry,31.0,18.0,USA
Ragdoll,0.17,2.0,male,False,17.0,1.2,cream,bicolor,blue,FALSE,wet,39.0,18.0,USA
Angora,0.08,1.0,male,False,12.0,0.8,white,solid,blue,FALSE,wet,36.0,19.0,USA
Ragdoll,0.08,1.0,female,False,13.0,0.8,white,solid,blue,FALSE,wet,31.0,20.0,USA
Angora,0.17,2.0,female,False,16.0,0.8,white,solid,blue,FALSE,wet,36.0,20.0,USA
Angora,0.17,2.0,male,False,17.0,0.8,black,solid,blue,FALSE,dry,40.0,20.0,USA
Angora,0.17,2.0,male,False,15.0,1.1,white,solid,green,FALSE,wet,22.0,20.0,USA
Angora,0.17,2.0,female,False,17.0,0.9,white,solid,blue,FALSE,wet,38.0,20.0,USA
Ragdoll,0.08,1.0,female,False,15.0,0.7,white,solid,blue,FALSE,wet,40.0,22.0,UK
Angora,0.17,2.0,male,False,14.0,0.7,black,solid,blue,FALSE,dry,40.0,20.0,USA
Angora,0.17,2.0,male,False,15.0,0.8,white,solid,green,FALSE,wet,38.0,20.0,USA
Angora,0.08,1.0,female,False,14.0,0.7,white,solid,blue,TRUE,wet,37.0,20.0,USA
Angora,0.17,2.0,female,False,14.0,0.7,white,solid,blue,FALSE,wet,32.0,18.0,Germany
Angora,0.17,2.0,female,False,17.0,0.8,white,solid,green,FALSE,wet,39.0,19.0,USA
Angora,0.17,2.0,female,False,14.0,0.8,white,solid,blue,FALSE,dry,24.0,18.0,USA
Angora,0.17,2.0,male,False,16.0,1.2,white,solid,blue,FALSE,wet,34.0,19.0,USA
Maine Coon,0.08,1.0,male,False,15.0,0.7,white,solid,blue,FALSE,wet,25.0,19.0,USA
Maine Coon,0.08,1.0,female,False,15.0,0.8,brown,tabby,green,FALSE,wet,34.0,21.0,USA
Maine Coon,0.08,1.0,female,False,13.0,0.8,cream,tabby,blue,FALSE,wet,30.0,22.0,USA
Maine Coon,0.08,1.0,male,False,15.0,0.8,black,bicolor,green,FALSE,dry,40.0,21.0,USA
Maine Coon,0.17,2.0,male,False,14.0,1.2,cream,tabby,blue,FALSE,wet,38.0,18.0,USA
Maine Coon,0.08,1.0,female,False,15.0,0.5,cream,tortie,blue,FALSE,wet,22.0,21.0,USA
Maine Coon,0.08,1.0,female,False,12.0,0.8,brown,tabby,green,TRUE,wet,33.0,20.0,USA
Ragdoll,0.08,1.0,male,False,13.0,0.7,brown,tabby,blue,FALSE,dry,36.0,19.0,USA
Ragdoll,0.17,2.0,male,False,15.0,1.3,brown,tabby,green,FALSE,wet,21.0,20.0,UK
Ragdoll,0.17,2.0,female,False,15.0,1.4,brown,tabby,blue,FALSE,wet,23.0,18.0,UK
Ragdoll,0.17,2.0,female,False,12.0,0.9,brown,solid,green,FALSE,wet,31.0,19.0,UK
Ragdoll,0.17,2.0,female,False,15.0,1.2,white,solid,blue,FALSE,wet,35.0,20.0,UK
Maine Coon,0.17,2.0,female,False,17.0,1.0,black,bicolor,blue,FALSE,wet,36.0,19.0,UK
Maine Coon,0.17,2.0,male,False,14.0,0.7,cream,tabby,blue,FALSE,wet,20.0,20.0,UK
Maine Coon,0.17,2.0,male,False,16.0,1.1,cream,tabby,green,FALSE,wet,34.0,19.0,UK
Maine Coon,0.17,2.0,female,False,15.0,1.1,cream,solid,blue,FALSE,wet,39.0,20.0,UK
Angora,2.25,27.0,male,True,25.0,3.1,white,solid,amber,FALSE,wet,39.0,16.0,France
Angora,2.25,27.0,male,True,38.0,5.3,white,solid,amber,FALSE,wet,39.0,14.0,France
Angora,2.33,28.0,female,False,36.0,4.0,cream,solid,blue,FALSE,dry,19.0,14.0,France
Angora,2.33,28.0,female,False,36.0,2.4,white,dirty,blue,FALSE,wet,19.0,16.0,France
Angora,2.33,28.0,male,True,39.0,3.9,white,solid,blue,FALSE,wet,34.0,14.0,France
Angora,2.67,32.0,female,True,38.0,3.9,cream,solid,blue,FALSE,wet,37.0,14.0,France
Angora,2.67,32.0,male,False,40.0,4.0,black,solid,blue,FALSE,dry,30.0,14.0,France
Angora,2.67,32.0,female,True,34.0,3.9,black,solid,green,TRUE,dry,21.0,14.0,France
Angora,2.92,35.0,female,True,34.0,4.1,white,solid,green,TRUE,wet,28.0,14.0,France
Angora,2.92,35.0,female,True,32.0,2.5,white,solid,amber,FALSE,wet,33.0,14.0,France
Angora,2.92,35.0,male,True,41.0,3.8,white,solid,amber,FALSE,wet,21.0,14.0,USA
Angora,2.92,35.0,male,False,39.0,4.1,white,solid,blue,FALSE,wet,28.0,14.0,USA
Angora,3.0,36.0,male,True,39.0,4.4,white,solid,green,FALSE,dry,16.0,15.0,USA
Angora,3.0,36.0,male,False,39.0,4.8,white,solid,blue,FALSE,wet,44.0,14.0,USA
Angora,3.08,37.0,male,True,39.0,5.1,cream,tabby,blue,FALSE,dry,25.0,16.0,USA
Angora,3.08,37.0,male,True,38.0,3.7,black,solid,green,TRUE,wet,25.0,14.0,USA
Angora,3.08,37.0,male,True,40.0,5.3,white,solid,blue,FALSE,dry,11.0,14.0,France
Angora,3.17,38.0,female,False,36.0,4.0,white,solid,amber,FALSE,wet,11.0,14.0,USA
Angora,3.25,39.0,male,False,40.0,4.5,black,bicolor,blue,FALSE,wet,12.0,16.0,USA
Angora,3.42,41.0,male,True,41.0,4.4,white,solid,amber,FALSE,dry,24.0,17.0,USA
Angora,3.5,42.0,male,True,39.0,4.8,black,solid,blue,FALSE,wet,15.0,16.0,USA
Angora,3.58,43.0,female,True,34.0,3.3,white,solid,blue,FALSE,wet,20.0,14.0,USA
Angora,3.67,44.0,male,False,39.0,4.5,white,solid,amber,FALSE,wet,23.0,14.0,USA
Angora,3.67,44.0,male,False,37.0,4.6,white,solid,amber,FALSE,wet,32.0,14.0,France
Angora,3.75,45.0,male,True,43.0,3.9,white,solid,blue,FALSE,wet,38.0,14.0,USA
Angora,3.83,46.0,male,False,37.0,4.1,white,solid,green,FALSE,wet,38.0,16.0,USA
Angora,3.83,46.0,male,True,40.0,4.8,black,bicolor,amber,TRUE,wet,11.0,15.0,USA
Angora,4.17,50.0,female,True,35.0,2.8,white,solid,amber,TRUE,dry,28.0,14.0,USA
Angora,0.17,2.04,male,True,37.0,4.6,white,solid,amber,FALSE,dry,36.0,14.0,France
Angora,0.17,2.04,female,True,34.0,4.3,white,solid,blue,FALSE,wet,37.0,16.0,USA
Angora,0.17,2.04,female,True,35.0,3.8,black,solid,amber,FALSE,wet,30.0,14.0,USA
Angora,0.17,2.04,female,True,32.0,2.4,white,solid,blue,FALSE,wet,40.0,14.0,USA
